Age,Gender,City,Seniority,Position,Experience,Technology,Salary,Bonus,Stocks,Salary18,Bonus18,Stocks18,Vacation,Home,Language,CompanySize,CompanyType,ContractDuration,Sector
20,Male,Kyiv,Junior,Machine Learning Engineer,1,Python,14400,1400,0,,,,20,4,Russian,10-50,Startup,unlimited,Commerce
21,Male,Moscow,Middle,Data Scientist,4,Python,28300,0,0,7200,,,28,10,English,100-1000,Consulting / Agency,1 year,Scientific Activities
21,Male,Saint-Petersburg ,Middle,Backend Developer,1,Java,15600,0,0,,,,28,4,Russian,1000+,Bodyshop / Outsource,more than 1 year,
21,Male,Nizhny Novgorod ,Junior,Mobile Developer,1,Kotlin,6000,0,0,,,,30,,Russian,50-100,Outsource,1 year,Media
22,Male,London,Senior,"CTO (CEO, CFO)",3,Not Relevant,45000,15000,15000,10000,10000,10000,30,5,English,50-100,Startup,unlimited,Advertising
22,Male,Amsterdam,Middle,Frontend Developer,5,Javascript / Typescript,82000,13500,20000,65000,,,27,4,English,1000+,Product,unlimited,Transport
22,Male,Kyiv,Junior,Data Scientist,1,Python,21600,0,0,,,,,,Ukrainian,50-100,Product,unlimited,Commerce
23,Male,Jyvaskyla,Middle,Backend Developer,2,Python,36000,0,0,24000,,,30,20,English,100-1000,Product,unlimited,Commerce
23,Male,Berlin,Senior,DevOps,6,AWS,83000,0,0,63000,,,30,1,English,10-50,Startup,unlimited,Manufacture
23,Male,Tampere,Junior,Frontend Developer,1,Swift,36000,0,1,,,,40,10,English,,,,
23,Female,Amsterdam,Middle,Backend Developer,3,Python,60000,7000,0,,,,25,,English,1000+,Product,1 year,Telecom
23,Male,Cologne,Junior,Fullstack Developer,1,Java,30000,0,0,,,,,5,Deutsch,up to 10,Startup,1 year,HR
23,Male,Berlin,Middle,Backend Developer,4,Javascript / Typescript,58000,0,0,,,,27,4,English,100-1000,Startup,unlimited,Finance / Insurance
23,Male,Berlin,Senior,Frontend Developer,5,Javascript / Typescript,65000,0,0,,,,22,,English,100-1000,Product,unlimited,Transport
23,Male,Berlin,Middle,Data Scientist,3,Python,50000,0,0,,,,28,,English,50-100,Startup,unlimited,Finance / Insurance
24,Male,Moscow,Middle,Machine Learning Engineer,2,Python,30000,0,0,19600,,,28,4,Russian,100-1000,Product,unlimited,Entertainment
24,Male,Saint Petersburg,Middle,Fullstack Developer,4,.NET,30000,300,0,30000,,0,28,3,Russian,100-1000,Bodyshop / Outsource,unlimited,Health
24,Male,Frankfurt,Junior,DevOps,1,AWS,45000,0,0,40000,,,28,10,Deutsch,50-100,Consulting / Agency,unlimited,Commerce
24,Male,Berlin,Middle,Backend Developer,4,Java,65000,0,0,44000,,,26,,English,100-1000,Product,unlimited,
24,Female,Warsaw,Junior,Modelling Specialist,1,R,72000,0,0,54000,1000,0,20,20,Polish,1000+,Bank,unlimited,Finance / Insurance
24,Male,Berlin,Middle,Machine Learning Engineer,2,C/C++,70000,0,0,70000,,,30,,English,10-50,Startup,unlimited,Health
24,Male,Amsterdam,Senior,Data Engineer,5,Scala,65000,0,0,,,,26,,English,100-1000,Bodyshop / Outsource,1 year,Commerce
24,Male,Saint Petersburg,Middle,Fullstack Developer,5,.NET,34000,300,0,,0,0,28,2,Russian,100-1000,Bodyshop / Outsource,unlimited,Health
24,Male,Amsterdam,Senior,Machine Learning Engineer,3,Python,75000,0,125,,,,,,English,10-50,Startup,unlimited,Scientific Activities
24,Female,Munich,Junior,Backend Developer,1,C/C++,72000,11000,16000,,,,30,20,English,1000+,Product,unlimited,Software Development
24,Male,Berlin,Senior,Frontend Developer,5,Javascript / Typescript,63000,3000,0,,,,25,,English,100-1000,Product,unlimited,Finance / Insurance
24,Female,Frankfurt,Junior,Fullstack Developer,1,Java,52000,5000,0,,,,30,0,Deutsch,1000+,Product,unlimited,Finance / Insurance
24,Male,Stuttgart,Junior,DevOps,2,.NET,44000,6000,0,,,,30,0,Deutsch,1000+,Product,unlimited,Health
24,Male,Munich,Senior,Platform Engineer,10,Go,210000,0,0,,,,,,English,1000+,Product,3 months,Commerce
24,Male,Amsterdam,Middle,Frontend Developer,4,Javascript / Typescript,72000,0,0,,,,26,,English,1000+,Product,unlimited,Tourism
24,Male,Berlin,Middle,Fullstack Developer,3,Javascript / Typescript,56000,0,0,,,,24,,English,50-100,Product,unlimited,Finance / Insurance
24,Male,Berlin,Middle,Backend Developer,3,PHP,50000,0,0,,,,26,,English,100-1000,Startup,unlimited,Transport
24,Male,Brussels,Junior,Data Scientist,2,Python,33000,0,0,,,,31,,French,1000+,Consulting / Agency,unlimited,IT
24,Female,Cologne,Junior,Data Scientist,1,Python,49000,0,0,,,,25,,English,up to 10,Consulting / Agency,unlimited,
24,Male,Berlin,Middle,Machine Learning Engineer,3,Python,75000,0,0,,,,,,English,10-50,Startup,unlimited,Customer Support
24,Female,Warsaw,Junior,RPA developer,1,Python,48000,0,0,,,,20,0,Polish,1000+,Bank,6 months,Finance / Insurance
25,Male,Moscow,Middle,Frontend Developer,3,Javascript / Typescript,24000,5300,1,17000,1,0,40,1,Russian,1000+,Product,unlimited,SEO
25,Male,Berlin,Middle,Fullstack Developer,3,PHP,30000,0,0,27500,,,27,2,Deutsch,10-50,Startup,unlimited,Education
25,Male,Kyiv,Senior,DevOps,4,Go,60000,0,12500,42000,,0,,,Russian,1000+,Product,unlimited,Commerce
25,Male,Amsterdam,Junior,Backend Developer,2,Kotlin,52500,0,0,50000,,,28.5,,English,1000+,Bank,unlimited,Finance / Insurance
25,Male,Karlsruhe,Middle,Machine Learning Engineer,4,Kotlin,52200,0,1,52200,,0,30,10,Deutsch,10-50,Consulting / Agency,unlimited,IT
25,Female,Berlin,Senior,Fullstack Developer,6,.NET,54000,0,0,54000,,,27,25,English,100-1000,Product,unlimited,Advertising
25,Male,Munich,Senior,Frontend Developer,4,Javascript / Typescript,74000,11000,0,57000,,,30,10,English,1000+,Product,more than 1 year,
25,Male,Munich,Middle,Mobile Developer,4,Swift,60000,0,0,60000,,,30,3,English,100-1000,Product,unlimited,IoT
25,Male,Amsterdam,Senior,Backend Developer,6,Javascript / Typescript,75000,5000,0,60000,0,0,25,7,English,100-1000,Product,unlimited,OTT
25,Male,Hamburg,Middle,Frontend Developer,4,Javascript / Typescript,66000,0,0,60000,,,30,20,English,1000+,Product,unlimited,
25,Male,Munich,Senior,Frontend Developer,5,Javascript / Typescript,80000,8000,0,62000,,,30,10,English,100-1000,Product,unlimited,Media
25,Male,Berlin,Senior,Backend Developer,8,Rust,110000,5000,25000,80000,5000,,35,6,English,1000+,Product,unlimited,Tourism
25,Male,Frankfurt,Senior,Backend Developer,6,Java,65000,0,1,,,,30,,English,100-1000,Product,unlimited,Finance / Insurance
25,Female,Moscow,Senior,Frontend Developer,5,Javascript / Typescript,35300,0,0,,,,28,4,Russian,50-100,Product,unlimited,Finance / Insurance
25,Female,Cologne,Junior,IT Security,2,Not Relevant,46000,3000,0,,,,30,20,Deutsch,1000+,,unlimited,Telecom
25,Male,Munich,Junior,Frontend Developer,1,Javascript / Typescript,70000,5000,0,,,,20,,English,100-1000,Startup,more than 1 year,Commerce
25,Male,Munich,Junior,Frontend Developer,1,Javascript / Typescript,70000,5000,0,,,,20,,English,100-1000,Startup,more than 1 year,Commerce
25,Male,Berlin,Middle,DevOps,3,Not Relevant,55000,5000,0,,,,30,5,English,100-1000,Startup,unlimited,Transport
25,Male,Munich,Junior,Data Scientist,1,Python,48000,5300,0,,,,30,0,English,100-1000,Product,unlimited,Finance / Insurance
25,Female,Munich,Middle,Fullstack Developer,5,.NET,66000,0,0,,59000,,26,,Deutsch,10-50,Consulting / Agency,unlimited,
25,Female,Munich,Middle,Researcher,5,C/C++,57000,0,0,,,,28,4,English,1000+,Consulting / Agency,unlimited,Transport
25,Male,Berlin,Lead,Backend Developer,6,Go,75000,0,0,,,,24,20,English,100-1000,Product,unlimited,Real Estate
25,Male,Amsterdam,Middle,Backend Developer & Team Lead,7,Java,89000,0,0,,,,29,,English,1000+,Product,unlimited,Tourism
25,Female,Munich,Junior,Frontend Developer,2,Javascript / Typescript,42000,0,0,,,,30,,Deutsch,50-100,Consulting / Agency,unlimited,Media
25,Male,Berlin,Senior,Frontend Developer,5,Javascript / Typescript,60000,0,0,,,,25,1,English,100-1000,Product,unlimited,Finance / Insurance
25,Male,Berlin,Middle,Business Analyst,4,Python,60000,0,0,,60000,,25,4,English,100-1000,Product,unlimited,Finance / Insurance
26,Male,Amsterdam,Junior,Data Engineer,1,Python,52000,0,0,0,0,0,30,5,English,10-50,Consulting / Agency,unlimited,Manufacture
26,Male,Moscow,Middle,Data Scientist,3,R,46000,12000,1,23000,1,1,25,15,English,1000+,Consulting / Agency,unlimited,Finance / Insurance
26,Male,Odesa,Senior,Data Scientist,3,Python,45000,0,0,25000,,,20,0,Russian,100-1000,Bodyshop / Outsource,more than 1 year,Telecom
26,Male,Kyiv,Senior,Mobile Developer,5,Kotlin,34000,0,0,29500,0,0,25,3,English,50-100,Product,1 year,Gaming
26,Male,Berlin,Junior,Researcher,1,Python,40000,1,1,30000,,,30,4,English,1000+,University,more than 1 year,Scientific Activities
26,Male,Hamburg,Middle,Frontend Developer,5,Javascript / Typescript,41160,0,0,41000,0,0,25,0,English,100-1000,Product,unlimited,Commerce
26,Female,Frankfurt,Middle,Manager,2,Not Relevant,45000,0,0,43000,,,30,,Deutsch,50-100,Product,unlimited,Finance / Insurance
26,Male,Munich,Middle,Backend Developer,6,Javascript / Typescript,62000,0,0,45000,,,30,,Deutsch,50-100,Consulting / Agency,unlimited,Finance / Insurance
26,Female,Berlin,Junior,Data Scientist,2,Python,47000,0,0,45000,,,26,0,English,50-100,Startup,unlimited,Finance / Insurance
26,Male,Berlin,Middle,Machine Learning Engineer,3,Python,46000,0,0,46000,,,24,2,English,10-50,Product,more than 1 year,Health
26,Male,Limassol,Senior,QA,7,Not Relevant,63600,0,0,50000,,,21,,Russian,50-100,Product,more than 1 year,Finance / Insurance
26,Male,Munich,Middle,Backend Developer,3,Java,56000,0,0,53000,,,,,English,,Product,unlimited,
26,Male,Munich,Middle,QA,6,Python,65000,6000,4000,55000,5000,3000,30,,English,1000+,Product,unlimited,IT
26,Male,Munich,Middle,Backend Developer,5,Java,59000,3000,0,55000,3000,,27,,English,,Product,unlimited,Finance / Insurance
26,Male,Berlin,Middle,Fullstack Developer,4,Python,75000,0,2500,58000,,,30,6,English,100-1000,Startup,unlimited,Finance / Insurance
26,Male,Frankfurt,Middle,Manager,5,Not Relevant,65000,1000,0,59000,,,37,3,English,1000+,,unlimited,Manufacture
26,Male,Amsterdam,Senior,DevOps,6,Not Relevant,68000,0,0,60000,,,24,,English,1000+,Product,unlimited,Transport
26,Male,Frankfurt,Middle,Frontend Developer,6,Javascript / Typescript,76000,5000,0,65000,3000,,30,2,Deutsch,100-1000,Product,unlimited,Finance / Insurance
26,Male,Amsterdam,Middle,Data Scientist,5,Python,85000,25000,30000,,,,,,English,100-1000,Product,unlimited,
26,Male,Munich,Middle,Fullstack Developer,5,Javascript / Typescript,50000,4000,0,,,,25,,English,1000+,Product,unlimited,Commerce
26,Male,Berlin,Middle,Backend Developer,6,Java,78000,12000,0,,,,28,5,English,1000+,Product,unlimited,Commerce
26,Female,Amsterdam,Middle,Backend Developer,4,Java,52800,0,0,,,,29,4,English,1000+,Bank,unlimited,Finance / Insurance
26,Male,Munich,Junior,Fullstack Developer,2,Java,60000,0,0,,500,,28,,English,100-1000,Product,unlimited,Scientific Activities
26,Male,Munich,,Mobile Developer,1,Javascript / Typescript,59000,0,0,,,,20,4,English,50-100,Startup,unlimited,Commerce
26,Male,Frankfurt,Junior,Business Analyst,1,Not Relevant,44000,0,0,,,,28,,Deutsch,1000+,Consulting / Agency,unlimited,Finance / Insurance
26,Male,Nuremberg,Junior,DevOps,0,Not Relevant,55000,0,0,,,,30,0,Deutsch,,,unlimited,
26,Male,Berlin,,Backend Developer,6,PHP,65000,0,0,,,,,,English,,Startup,,Finance / Insurance
26,Male,Stuttgart,Middle,Data Engineer,3,Python,67200,0,0,,,,,,English,1000+,Product,more than 1 year,Scientific Activities
26,Male,Berlin,Senior,Data Scientist,5,Python,80000,0,0,,,,,,English,10-50,Startup,unlimited,HR
26,Male,Munich,Middle,QA,3,Ruby,58000,0,0,,,,30,0,English,50-100,Product,unlimited,Finance / Insurance
27,Male,Berlin,Head,"CTO (CEO, CFO)",6,Python,24000,0,750000,24000,,520000,4,,English,10-50,Startup,unlimited,
27,Male,Stuttgart,Senior,Fullstack Developer,6,Javascript / Typescript,48000,0,0,42000,,,28,,English,up to 10,Product,unlimited,Commerce
27,Male,Berlin,Senior,Backend Developer,10,PHP,60000,2000,0,45000,,,25,5,English,50-100,Startup,unlimited,Commerce
27,Male,Berlin,Middle,Frontend Developer,5,Javascript / Typescript,60000,5000,0,48000,,,30,8,Deutsch,100-1000,Product,unlimited,Construction
27,Male,Munich,Junior,Software Architect,3,Not Relevant,50000,5000,0,48000,4000,,33,10,English,1000+,Product,unlimited,Manufacture
27,Female,Berlin,Middle,Backend Developer,5,Java,50000,0,0,48000,,,30,,Deutsch,100-1000,Consulting / Agency,unlimited,Transport
27,Male,Munich,Middle,Data Engineer,1,Python,58000,0,0,48000,,,30,20,English,10-50,Startup,more than 1 year,
27,Male,Berlin,Senior,"Designer (UI, UX)",9,Not Relevant,66000,5500,0,52000,10400,,30,0,English,100-1000,Product,unlimited,Manufacture
27,Female,Berlin,Middle,Data Scientist,3,Python,66000,0,0,52000,,,27,2,English,100-1000,Startup,unlimited,Gaming
27,Female,Berlin,Middle,Cloud Platform Engineer,6,AWS,70000,0,0,54000,,,32,4,English,1000+,Product,unlimited,Commerce
27,Female,Berlin,Middle,Data Scientist,2,Python,58500,3000,0,55000,3000,,24,0,English,50-100,Startup,unlimited,Commerce
27,Male,Berlin,Senior,Business Analyst,5,Python,62000,0,0,55000,,,26,4,English,100-1000,Consulting / Agency,unlimited,Finance / Insurance
27,Male,Berlin,Senior,Manager,6,Python,58000,0,0,55000,,,27,1,English,100-1000,Startup,unlimited,Tourism
27,Male,Munich,Senior,Backend Developer,5,Java,70000,2000,2000,57000,2000,,30,,English,100-1000,Consulting / Agency,more than 1 year,Commerce
27,Male,Berlin,Middle,Fullstack Developer,7,Javascript / Typescript,63000,0,0,60000,,,28,1,English,10-50,Startup,unlimited,Finance / Insurance
27,Male,Amsterdam,Middle,Backend Developer,4,Scala,78000,0,0,60000,,,25,,English,100-1000,Product,unlimited,Gambling
27,Female,Munich,Senior,QA,7,Java,69000,5500,0,65000,5000,,28,,English,1000+,Product,unlimited,Finance / Insurance
27,Male,Berlin,Senior,Backend Developer,8,Rust,82000,0,0,65000,,,28,16,English,50-100,Startup,unlimited,Blockchain
27,Male,Munich,Senior,Mobile Developer,5,Kotlin,72000,0,0,66000,,,30,,English,100-1000,Consulting / Agency,unlimited,Transport
27,Male,Munich,Middle,Backend Developer,7,PHP,66000,0,0,66000,,,28,,Deutsch,100-1000,Product,unlimited,Manufacture
27,Male,Berlin,Senior,Data Engineer,5,Python,77000,11000,6000,70000,6000,0,28,2,English,1000+,Product,unlimited,Commerce
27,Male,Berlin,Senior,Backend Developer,8,Go,70000,5000,0,70000,5000,,30,4,English,1000+,Product,more than 1 year,Transport
27,Female,Amsterdam,Senior,Manager,8,Not Relevant,87000,13000,0,75000,8000,5,29,5,English,1000+,Product,unlimited,Tourism
27,Male,Berlin,Senior,Frontend Developer,7,Javascript / Typescript,75000,0,0,75000,,,25,,English,10-50,Product,unlimited,Tourism
27,Male,Munich,Senior,Data Scientist,7,Python,90000,0,0,75000,,,28,,English,100-1000,Product,unlimited,Commerce
27,Male,Berlin,Senior,Fullstack Developer,11,Not Relevant,78000,0,6000,76000,,6000,30,0,English,1000+,Startup,unlimited,Software Development
27,Male,Berlin,Senior,Data Scientist,5,Python,125000,0,1,110000,1,1,20,20,Russian,100-1000,Consulting / Agency,unlimited,Finance / Insurance
27,Male,Berlin,Middle,DevOps,6,AWS,66000,0,1,,,,28,20,English,1000+,Product,unlimited,Finance / Insurance
27,Female,Berlin,Middle,Data Scientist,3,Python,67000,0,0,,,,27,20,English,1000+,Product,unlimited,Commerce
27,Male,Berlin,Senior,Researcher,5,Python,100000,0,0,,,,30,4,English,100-1000,Startup,unlimited,Manufacture
27,Male,Heidelberg,Junior,Fullstack Developer,1,Java,45600,600,0,,,,,,English,1000+,University,more than 1 year,Health
27,Male,Amsterdam,Middle,Backend Developer,4,Java,62000,2500,0,,,,24,0,English,100-1000,Product,1 year,Finance / Insurance
27,Male,Berlin,Senior,QA,7,Java,63000,6300,0,,,,30,,English,50-100,Startup,unlimited,Commerce
27,Male,Amsterdam,Middle,Backend Developer,5,.NET,58000,0,0,,,,30,,English,100-1000,Product,unlimited,Transport
27,Male,Amsterdam,Middle,Backend Developer,5,.NET,65000,0,0,,,,,,English,100-1000,Product,unlimited,Commerce
27,Male,Moscow,Senior,Backend Developer,7,Go,66000,0,0,,,,30,20,Russian,100-1000,Startup,1 year,
27,Male,Berlin,Senior,Backend Developer,6,Java,70000,0,0,,,,30,,English,100-1000,Product,unlimited,Real Estate
27,Male,Berlin,Senior,Frontend Developer,5,Javascript / Typescript,66000,0,0,,,,24,4,English,100-1000,Product,unlimited,Transport
27,Male,Munich,Middle,QA,3,Not Relevant,53600,0,0,,,,28,,English,100-1000,Product,unlimited,Commerce
27,Male,Berlin,Middle,QA,4,Not Relevant,58000,0,0,,,,30,4,English,100-1000,Product,unlimited,Cloud
27,Male,Berlin,Senior,Data Engineer,5,Python,75000,0,0,,,,30,0,English,1000+,Product,unlimited,Fashion
27,Female,D√ºsseldorf,Junior,Data Scientist,1,Python,60000,0,0,,,,30,20,English,1000+,Product,unlimited,Commerce
27,Female,D√ºsseldorf,Junior,Data Scientist,1,R,45000,0,0,,,,30,2,English,1000+,Product,unlimited,Tourism
27,Male,Hamburg,Middle,Backend Developer,3,Scala,57000,0,0,,,,28,,English,100-1000,Product,unlimited,Tourism
28,Male,Gda≈Ñsk,Middle,Data Scientist,5,R,14000,0,0,9000,,,25,20,English,100-1000,Bodyshop / Outsource,unlimited,Commerce
28,Male,Moscow,Lead,Fullstack Developer,6,PHP,27977,0,0,22730,,,,,Russian,100-1000,Product,unlimited,End-to-end analytics
28,Male,Moscow,Lead,Frontend Developer,5,Javascript / Typescript,54000,10000,0,33600,8000,0,30,365,Russian,100-1000,Product,more than 1 year,Security
28,Male,Munich,Junior,Data Scientist,2,Python,52000,6000,0,45000,4000,,30,1,Deutsch,10-50,Consulting / Agency,unlimited,IT
28,Male,Lausanne,Junior,Researcher,7,C/C++,50800,0,0,50000,0,0,28,4,English,100-1000,University,more than 1 year,Scientific Activities
28,Female,Munich,Senior,"Designer (UI, UX)",9,Not Relevant,70000,0,0,50000,3000,,30,,English,10-50,Product,unlimited,Commerce
28,Male,Munich,Senior,Frontend Developer,5,Javascript / Typescript,57000,0,0,52000,,,26,4,English,100-1000,Product,unlimited,Finance / Insurance
28,Male,Berlin,Senior,Backend Developer,6,Ruby,52000,0,0,52000,,,20,0,English,100-1000,Startup,1 year,
28,Male,Munich,Senior,Fullstack Developer,3,Not Relevant,63000,0,0,53000,,,30,,English,1000+,Product,unlimited,Health
28,Male,Munich,Senior,Data Scientist,4,Not Relevant,59000,5000,0,54000,4000,,30,2,English,1000+,Product,unlimited,Tourism
28,Male,Berlin,Senior,Backend Developer,4,Go,75000,1,1,55000,1,1,30,4,English,100-1000,Product,unlimited,Entertainment
28,Male,Berlin,Middle,Machine Learning Engineer,6,Python,61000,0,0,55000,,,28,,English,100-1000,Startup,unlimited,Manufacture
28,Male,Munich,Middle,Data Engineer,4,Python,60000,3000,0,60000,3000,,30,,English,10-50,Consulting / Agency,unlimited,Transport
28,Male,Berlin,Senior,Backend Developer,7,Java,65000,5000,0,60000,,,25,,English,50-100,Startup,unlimited,Catering
28,Male,W√ºrzburg ,Middle,Fullstack Developer,6,Javascript / Typescript,72000,0,0,60000,,,27,,Deutsch,10-50,Startup,unlimited,Commerce
28,Female,Berlin,Senior,Mobile Developer,7,Kotlin,65000,0,0,60000,,,27,,English,100-1000,Product,unlimited,Commerce
28,Male,Berlin,Lead,Frontend Developer,8,Javascript / Typescript,82000,0,0,65000,,,30,4,English,100-1000,Product,unlimited,Transport
28,Male,Berlin,Senior,Backend Developer,7,Java,70000,5000,0,65000,,,25,,English,50-100,Startup,unlimited,Catering
28,Female,London,Senior,Data Scientist,7,Python,120000,0,0,65000,,,25,4,English,1000+,Consulting / Agency,3 months,Finance / Insurance
28,Male,Berlin,Senior,Backend Developer,7,Java,80000,5000,0,66000,3000,,30,1,English,100-1000,Product,unlimited,Real Estate
28,Male,Berlin,Senior,Data Scientist,4,Python,75000,0,0,66000,500,,28,1,English,100-1000,Startup,unlimited,Commerce
28,Male,Amsterdam,Senior,Security Engineer,7,Not Relevant,72000,0,0,67000,0,0,27,5,English,1000+,Bank,unlimited,Finance / Insurance
28,Male,Berlin,Middle,Backend Developer,8,Java,68000,0,0,67000,,,28,4,English,1000+,Product,unlimited,Commerce
28,Male,Munich,Senior,Backend Developer,7,Java,74000,6000,0,69000,6000,,28,,English,1000+,Product,unlimited,Commerce
28,Male,Berlin,Senior,Backend Developer,7,Kotlin,73000,0,0,70000,,,27,4,English,1000+,Product,unlimited,Commerce
28,Male,Frankfurt,Senior,Data Scientist,6,R,87000,11000,0,75000,5000,,25,,Deutsch,100-1000,Startup,more than 1 year,Finance / Insurance
28,Male,Berlin,Principal,Software Architect,10,Not Relevant,110000,25000,50000,85000,10000,5000,25,20,English,1000+,Product,unlimited,Software Development
28,Male,Berlin,Middle,Data Engineer,2,Not Relevant,95000,19000,0.01,90000,18000,0,30,2,Deutsch,1000+,Consulting / Agency,unlimited,Software Development
28,Female,Warsaw,Senior,Fullstack Developer,5,R,155000,0,1,144000,1,0,32,20,Polish+English,100-1000,Consulting / Agency,unlimited,Health
28,Male,Berlin,Middle,QA,7,Python,62000,0,1,,,,30,,English,100-1000,Bodyshop / Outsource,unlimited,Transport
28,Male,Hamburg,Middle,Machine Learning Engineer,4,Python,65000,5000,1,,,,30,5,English,100-1000,Consulting / Agency,unlimited,IT
28,Male,Munich,Senior,Mobile Developer,8,Swift,75000,0,1,,,,30,0,English,10-50,Startup,unlimited,Commerce
28,Male,Berlin,Junior,Data Scientist,2,Python,75000,0,1000,,,,30,4,English,10-50,Startup,1 year,Finance / Insurance
28,Male,Berlin,Senior,Backend Developer,7,C/C++,72000,6000,6000,,,,30,,English,1000+,Product,unlimited,Transport
28,Male,Berlin,Senior,DevOps,6,AWS,70000,0,10000,,,,28,,English,50-100,Product,unlimited,Finance / Insurance
28,Male,Paris,Middle,Fullstack Developer,3,Java,39400,1000,0,,,,25,,French,1000+,Consulting / Agency,unlimited,Software Development
28,Male,Amsterdam,Senior,SAP Consultant,6,Not Relevant,80500,4000,0,,,,30,5,English,1000+,Consulting / Agency,1 year,IT
28,Male,Amsterdam,Middle,DevOps,6,Python,62000,4000,0,,,,28,5,English,50-100,Startup,1 year,
28,Female,Berlin,Junior,Data Scientist,1,Python,55000,5000,0,,,,28,4,English,100-1000,Product,unlimited,Finance / Insurance
28,Male,Berlin,Senior,Data Scientist,5,Python,95000,10000,0,,,,30,,Deutsch,100-1000,Product,unlimited,Commerce
28,Male,Munich,Middle,Business Analyst,7,Javascript / Typescript,62500,0,0,,,,30,20,English,1000+,Product,more than 1 year,Software Development
28,Male,Koblenz,Junior,Frontend Developer,2,Javascript / Typescript,48000,0,0,,,,28,,Deutsch,1000+,Product,unlimited,Health
28,Male,Munich,Senior,Frontend Developer,10,Javascript / Typescript,95000,0,0,,,,30,,English,1000+,Product,unlimited,
28,Male,Amsterdam,Senior,QA,6,Javascript / Typescript,70000,0,0,,,,25,8,English,100-1000,Product,unlimited,
28,Male,Amsterdam,Middle,QA,2,Kotlin,45000,0,0,,,,28,4,English,50-100,Product,1 year,Transport
28,Male,Hamburg,Senior,Backend Developer,7,PHP,55000,0,0,,,,25,0,English,100-1000,Product,unlimited,Commerce
28,Female,Frankfurt,Junior,Mainframe,1,PHP,36000,0,0,,,,28,4,Deutsch,10-50,Startup,unlimited,Telecom
28,Male,Frankfurt,Middle,Data Scientist,2,Python,55000,0,0,,,,30,5,Deutsch,100-1000,Product,unlimited,Finance / Insurance
28,Female,Berlin,Junior,Data Scientist,1,R,50000,0,0,,,,30,,Deutsch,10-50,Consulting / Agency,unlimited,Agriculture
28,Female,Hamburg,Junior,Data Scientist,1,R,50000,0,0,,,,27,,English,10-50,Startup,unlimited,Advertising
28,Female,Berlin,Senior,Backend Developer,6,Ruby,55000,0,0,,,,28,5,English,10-50,Product,unlimited,Finance / Insurance
28,Female,London,Middle,Business Analyst,3,SQL,48000,0,0,,,,30,4,English,10-50,Product,unlimited,Gaming
28,Male,Berlin,Middle,Data Analyst,3,SQL,62000,0,0,,,,27,1,English,100-1000,Product,1 year,Tourism
29,Male,Krakow,Senior,QA,7,Java,45000,0,0,33000,,,26,4,English,100-1000,Product,unlimited,Gambling
29,Female,Berlin,Middle,Backend Developer,3,Java,49000,0,2400,40000,,1200,27,2,English,100-1000,Product,unlimited,Software Development
29,Female,Berlin,Middle,Data Scientist,2,Python,40000,0,0,40000,,,29,,English,100-1000,,unlimited,IT
29,Male,Cologne,Senior,Fullstack Developer,4,.NET,65000,0,0,45000,,,30,1,Deutsch,1000+,Product,unlimited,Manufacture
29,Male,Munich,Middle,Mobile Developer,7,Swift,70000,0,0,45000,,,30,0,English,1000+,Product,unlimited,Commerce
29,Male,Cologne,Middle,Manager,4,Not Relevant,52000,4000,0,50000,3000,,30,,English,1000+,,unlimited,Transport
29,Female,Munich,Middle,Mobile Developer,8,Swift,65000,5000,0,50000,,,30,4,English,1000+,Product,unlimited,Media
29,Male,Berlin,Middle,Data Scientist,3,Python,51000,0,0,51000,,,28,5,English,50-100,Startup,unlimited,Transport
29,Male,Munich,Senior,Backend Developer,10,Ruby,55000,0,0,52000,,,26,,English,100-1000,Product,unlimited,
29,Male,Berlin,Middle,Data Scientist,2,R,53000,3000,1,53000,1,0,27,0,French,100-1000,Product,unlimited,Automotive
29,Male,Hannover,Middle,Data Scientist,4,Python,60000,0,500,53000,,,30,3,Deutsch,1000+,Product,unlimited,Finance / Insurance
29,Male,Berlin,Senior,Mobile Developer,7,Kotlin,65000,0,0,54000,,,26,4,English,100-1000,Product,unlimited,Commerce
29,Female,Berlin,Middle,Data Scientist,3,Python,57000,0,0,55000,,360,30,8,Deutsch,100-1000,Product,unlimited,Finance / Insurance
29,Male,Munich,Middle,Data Scientist,2,Python,63000,7000,0,55000,,,27,2,Deutsch,1000+,Product,unlimited,Commerce
29,Male,Berlin,Middle,Frontend Developer,3,Javascript / Typescript,70000,0,0,55000,,,26,5,English,100-1000,Product,unlimited,
29,Male,Berlin,Middle,Backend Developer,3,Python,55000,0,0,55000,,,22,4,English,10-50,Product,unlimited,Scientific Activities
29,Female,Hamburg,Middle,Machine Learning Engineer,4,Python,60000,0,0,55000,,,28,6,English,100-1000,Product,unlimited,Transport
29,Male,Berlin,,QA,9,Python,66000,0,0,55000,,,24,4,English,50-100,Startup,unlimited,
29,Female,Munich,Middle,Data Scientist,4,R,62000,5000,0,60000,5000,,30,4,Deutsch,100-1000,Product,unlimited,Commerce
29,Male,Amsterdam,Senior,QA,8,Java,74000,6000,0,60000,,,30,4,English,1000+,Product,1 year,Finance / Insurance
29,Male,Frankfurt,Senior,Data Scientist,1,R,61800,7200,0,60000,5200,,28,,Deutsch,1000+,Consulting / Agency,unlimited,Finance / Insurance
29,Male,Amsterdam,Senior,Backend Developer,9,.NET,67000,0,0,60000,1500,,30,0,English,1000+,Product,1 year,Manufacture
29,Male,Berlin,Senior,Fullstack Developer,10,PHP,70000,0,0,60000,,,28,,English,1000+,Product,unlimited,Commerce
29,Male,Munich,Middle,Frontend Developer,8,Javascript / Typescript,65000,0,0,61500,,,30,,English,100-1000,Product,unlimited,
29,Male,Amsterdam,Senior,Frontend Developer,8,Javascript / Typescript,70000,0,0,62000,,,30,4,English,1000+,Product,unlimited,Transport
29,Male,Berlin,Senior,Backend Developer,7,PHP,69000,0,0,63000,,,30,,English,1000+,Product,unlimited,Transport
29,Male,Berlin,Senior,DevOps,10,Ruby,72000,0,0,65000,,,30,20,English,100-1000,Product,unlimited,Education
29,Male,Munich,Middle,Fullstack Developer,8,Java,80000,10000,5000,70000,1,1,28,8,English,1000+,Product,unlimited,Commerce
29,Male,Berlin,Senior,Fullstack Developer,8,Javascript / Typescript,72000,6000,0,70000,5000,,30,4,English,1000+,Startup,unlimited,Agriculture
29,Male,Berlin,Senior,Backend Developer,7,Python,78000,0,0,73000,,,28,20,English,100-1000,Product,unlimited,Commerce
29,Male,Munich,Lead,DevOps,10,AWS,85000,15000,10,75000,,,28,,English,1000+,Product,unlimited,
29,Male,Amsterdam,Senior,Backend Developer,8,Java,86000,0,0,75000,11500,0,25,0,English,1000+,Product,unlimited,IT
29,Male,Berlin,Middle,Data Scientist,4,Python,68000,0,0,75000,10000,,30,0,English,1000+,Product,unlimited,Finance / Insurance
29,Male,Amsterdam,Senior,Backend Developer,11,Java,90000,10,0,80000,10000,,25,0,English,10-50,Product,unlimited,Finance / Insurance
29,Male,Berlin,Senior,Backend Developer,11,Javascript / Typescript,190000,0,0,97000,,,9,20,English,up to 10,Startup,unlimited,
29,Male,Stockholm,Senior,Backend Developer,6,C/C++,60000,7000,2000,,,,33,8,English,1000+,Product,unlimited,Finance / Insurance
29,Male,Berlin,Senior,Backend Developer,8,Java,70000,0,10000,,,,28,,English,1000+,Product,unlimited,Catering
29,Male,Berlin,Senior,Data Scientist,7,Python,90000,9000,18000,,,,28,,English,1000+,Product,unlimited,Commerce
29,Male,Amsterdam,Middle,Backend Developer,9,AWS,70000,0,0,,,,22,,English,100-1000,Product,unlimited,
29,Male,Berlin,Middle,Backend Developer,7,Java,60000,0,0,,,,24,0,English,1000+,,unlimited,Commerce
29,Male,Munich,Senior,QA,6,Javascript / Typescript,60000,0,0,,,,28,,English,100-1000,Product,unlimited,Commerce
29,Male,Berlin,Middle,QA,5,Javascript / Typescript,59000,0,0,,,,,,English,1000+,Startup,unlimited,
29,Male,Rotterdam,Middle,Data Scientist,1,Python,42000,2500,0,,,,25,10,English,10-50,Consulting / Agency,1 year,
29,Male,Berlin,Middle,QA,7,Not Relevant,42000,3000,0,,,,25,4,English,100-1000,Consulting / Agency,more than 1 year,
29,Female,Munich,Middle,Machine Learning Engineer,2,Python,57000,3000,0,,,,25,,English,up to 10,Startup,unlimited,Catering
29,Female,Berlin,Middle,Product Manager,7,Not Relevant,67000,5800,0,,,,30,2,English,100-1000,Product,unlimited,Transport
29,Male,Berlin,Senior,Fullstack Developer,4,Java,55000,6000,0,,,,25,,English,100-1000,Product,more than 1 year,Commerce
29,Male,Berlin,Junior,Frontend Developer,1,Javascript / Typescript,67000,7000,0,,,,30,2,English,1000+,Consulting / Agency,unlimited,
29,Male,Munich,Senior,Backend Developer,9,.NET,60000,0,0,,,,30,4,English,up to 10,Product,unlimited,
29,Male,Berlin,Middle,Data Engineer,5,AWS,70000,0,0,,,,30,,English,100-1000,Startup,unlimited,Commerce
29,Male,Kyiv,Senior,DevOps,8,AWS,65000,0,0,,,,21,20,Russian,50-100,Product,unlimited,Health
29,Male,Berlin,Middle,Backend Developer,7,Go,60000,0,0,,,,,,English,100-1000,Product,unlimited,
29,Male,D√ºsseldorf,Senior,Backend Developer,9,Java,75000,0,0,,,,25,4,English,1000+,Product,unlimited,Tourism
29,Male,Dusseldorf,Senior,Backend Developer,8,Java,70000,0,0,,,,25,,English,1000+,,,Tourism
29,Male,Amsterdam,Senior,Backend Developer,4,Java,65000,0,0,,,,27,0,Russian,100-1000,Product,unlimited,Finance / Insurance
29,Female,Berlin,Middle,Backend Developer,6,Java,52000,0,0,,,,27,,English,100-1000,Product,unlimited,Transport
29,Female,Berlin,Middle,Frontend Developer,4,Javascript / Typescript,52000,0,0,,,,30,0,English,1000+,Startup,unlimited,Commerce
29,Male,Munich,Senior,Fullstack Developer,9,Javascript / Typescript,75000,0,0,,,,30,20,English,100-1000,Product,unlimited,Fashion
29,Male,Berlin,Middle,Data Engineer,3,Python,48000,0,0,,,,26,4,English,100-1000,Startup,unlimited,Finance / Insurance
29,Male,Munich,Junior,Data Scientist,2,Python,55000,0,0,,,,30,4,Deutsch,10-50,Startup,unlimited,Finance / Insurance
29,Female,Berlin,Middle,Machine Learning Engineer,3,Python,46000,0,0,,,,30,2,English,10-50,Startup,unlimited,Health
30,Male,Vienna,Junior,Frontend Developer,2,Javascript / Typescript,21600,0,0,25200,,,25,5,English,up to 10,Startup,unlimited,HR
30,Male,Minsk,Senior,QA,9,Ruby,50000,4500,0,42000,4500,,20,5,Russian,100-1000,Product,1 year,Commerce
30,Male,Berlin,Middle,Support,2,Python,55000,5000,0,42000,,,24,5,English,100-1000,Product,unlimited,Advertising
30,Male,Hamburg,Senior,Data Engineer,3,Python,57000,3000,0,45000,,,27,2,English,100-1000,Product,unlimited,Marketing
30,Female,Berlin,Middle,Backend Developer,4,Python,54000,0,0,47250,,,30,4,English,50-100,Product,unlimited,
30,Male,Berlin,Middle,Backend Developer,3,Ruby,61000,0,0,48000,,,26,4,English,100-1000,Startup,unlimited,Tourism
30,Male,Wroclaw,Middle,Manager,8,Not Relevant,53000,3000,0,48500,,,26,15,English,1000+,Bodyshop / Outsource,unlimited,Finance / Insurance
30,Male,Berlin,Senior,Data Scientist,4,SQL,66000,0,0,50000,,,25,4,English,100-1000,Startup,unlimited,Transport
30,Male,Bremen,Junior,Backend Developer,2,Python,52000,4300,0,52000,4300,,27,0,Deutsch,10-50,Product,unlimited,Manufacture
30,Male,Berlin,Middle,Data Scientist,2,Python,55000,5000,0,52000,4000,,30,2,English,1000+,Consulting / Agency,unlimited,
30,Male,Munich,Middle,Machine Learning Engineer,2,Python,62000,0,0,52000,,,30,5,English,up to 10,Startup,unlimited,Transport
30,Female,Munich,Senior,QA,6,Java,56000,0,0,53000,,,28,5,Deutsch,50-100,Consulting / Agency,unlimited,Automotive
30,Male,Kassel ,Middle,Frontend Developer,4,Javascript / Typescript,55000,5000,2000,53500,4400,1800,29,4,Deutsch,1000+,Product,unlimited,Software Development
30,Female,Berlin,Middle,Data Scientist,5,Python,65000,0,0,54000,,0,30,5,English,1000+,Product,more than 1 year,Real Estate
30,Male,Berlin,Senior,Fullstack Developer,8,Java,60000,0,0,55000,,,27,20,English,100-1000,Product,unlimited,Dating
30,Male,Berlin,Middle,Frontend Developer,7,Javascript / Typescript,56500,0,0,55000,,,28,,English,100-1000,Product,unlimited,
30,Female,Berlin,Senior,Business Analyst,6,Python,63000,0,0,57000,,,28,4,English,1000+,Product,unlimited,Commerce
30,Male,Berlin,Senior,Fullstack Developer,6,Javascript / Typescript,70000,0,28000,58000,,,23,8,English,10-50,Product,unlimited,Real Estate
30,Male,Amsterdam,Senior,Frontend Developer,12,Javascript / Typescript,77700,0,0,58000,1200,,25,,English,100-1000,Startup,1 year,Tourism
30,Male,Berlin,Middle,Backend Developer,10,Kotlin,70000,3000,0,59000,,,28,8,English,100-1000,Product,unlimited,Commerce
30,Male,Munich,Middle,Data Scientist,2,Python,68500,0,0,60000,6500,,31,4,Deutsch,1000+,Product,unlimited,Telecom
30,Male,Berlin,Senior,DevOps,8,Java,63600,7000,0,60000,,,32,4,English,1000+,Product,unlimited,Transport
30,Female,Berlin,Middle,Software Engineer,7,AWS,66000,0,0,61000,,,30,4,English,1000+,Product,unlimited,Real Estate
30,Female,Berlin,Middle,Cloud Platform Engineer,7,AWS,66340,0,0,61100,,,30,4,English,1000+,Product,unlimited,Commerce
30,Male,Munich,Senior,QA,9,Java,68000,8000,3000,62000,7000,3000,30,20,English,1000+,Product,unlimited,IT
30,Female,Amsterdam,Middle,Backend Developer,7,Python,62000,0,0,62000,,,25,5,English,10-50,Startup,unlimited,Catering
30,Male,Amsterdam,Senior,Backend Developer,10,Python,71000,3000,0,64000,3000,0,25,5,English,1000+,Product,unlimited,Telecom
30,Male,Munich,Senior,Mobile Developer,9,Kotlin,72000,3000,0,65000,3000,,24,,Russian,10-50,Startup,unlimited,Media
30,Male,Berlin,Senior,Data Scientist,5,Python,85000,5000,0,65000,,,30,,Deutsch,1000+,,unlimited,
30,Male,Berlin,Senior,Backend Developer,6,Python,70000,0,0,65000,,,27,0,Russian,100-1000,Startup,unlimited,Finance / Insurance
30,Male,Berlin,Senior,Software Architect,10,AWS,73000,20000,2000,66000,,10000,28,20,English,1000+,Product,unlimited,Cloud
30,Male,Berlin,Senior,Data Scientist,6,R,75000,0,5000,66000,,5000,27,3,English,100-1000,Startup,more than 1 year,Tourism
30,Male,Berlin,Senior,Backend Developer,10,Python,75000,0,0,66000,,,27,,English,100-1000,Startup,more than 1 year,
30,Male,Berlin,Senior,QA,9,Java,67500,0,0,67500,,,30,2,English,100-1000,Product,unlimited,Marketing
30,Male,Hamburg,Senior,Data Scientist,6,Python,68000,0,0,68000,,,25,0,English,100-1000,Product,unlimited,Gaming
30,Male,Munich,Head,DevOps,10,AWS,77000,10000,0,70000,1,,25,0,English,50-100,Product,unlimited,Finance / Insurance
30,Male,Amsterdam,Middle,Backend Developer,10,Java,80000,0,0,72000,,,25,5,English,50-100,Product,more than 1 year,Transport
30,Male,Munich,Middle,DevOps,10,AWS,80000,0,0,72000,,,30,,English,1000+,Product,unlimited,Transport
30,Male,Berlin,Senior,Data Engineer,8,Python,81000,0,0,72000,,,25,4,English,100-1000,Product,unlimited,Logistics
30,Male,Berlin,Senior,Manager,9,.NET,85000,3200,0,74000,,,100,0,English,1000+,Product,unlimited,Commerce
30,Male,Munich,Middle,DevOps,10,AWS,80000,200,2000,75000,200,2000,27,1,English,50-100,Product,unlimited,IT
30,Male,Frankfurt,Senior,Data Scientist,4,Python,80000,8000,0,75000,,,30,5,English,50-100,Product,unlimited,Commerce
30,Male,Berlin,Senior,Backend Developer,10,PHP,78000,0,0,75000,,,28,,English,100-1000,Product,unlimited,Commerce
30,Male,Amsterdam,Senior,Mobile Developer,6,Kotlin,81000,0,0,78000,0,0,24,0,English,1000+,Product,unlimited,Finance / Insurance
30,Male,Munich,Lead,Data Scientist,8,Python,81000,9000,0,78000,7800,,25,,English,10-50,Startup,unlimited,Commerce
30,Male,Amsterdam,Senior,Fullstack Developer,8,.NET,80000,0,0,78000,,,25,,English,50-100,Product,unlimited,Health
30,Male,Berlin,Senior,Backend Developer,9,Java,79000,0,0,79000,,,27,4,English,100-1000,Startup,unlimited,Tourism
30,Male,Hamburg,Senior,Data Scientist,6,Python,85000,5000,0,80000,,,25,0,English,100-1000,Startup,unlimited,Commerce
30,Male,Berlin,Senior,Backend Developer,7,Python,87000,10000,0,80000,8000,,30,,English,50-100,Startup,unlimited,
30,Male,Berlin,Senior,"CTO (CEO, CFO)",11,Kotlin,75000,0,0,80000,,,25,4,English,10-50,Startup,more than 1 year,Telecom
30,Male,Amsterdam,Senior,Data Engineer,14,Not Relevant,100000,16000,15000,85000,12000,15000,25,4,English,1000+,Startup,1 year,Scientific Activities
30,Male,Amsterdam,Senior,SRE,8,Kotlin,107685,20000,30000,88000,12000,0,25,5,English,1000+,Product,unlimited,Commerce
30,Male,Frankfurt,Senior,Fullstack Developer,9,Python,95000,12000,0,90000,12000,,27,,Deutsch,100-1000,Product,unlimited,Finance / Insurance
30,Male,Berlin,Senior,Data Scientist,9,Python,105000,20000,0,98000,16000,,28,,English,1000+,Product,unlimited,Real Estate
30,Male,Munich,Senior,Backend Developer,9,Java,112000,14000,0,105000,7000,,30,,Deutsch,100-1000,Consulting / Agency,unlimited,Manufacture
30,Male,Berlin,Lead,Data Scientist,6,Python,115000,23,50,107500,16,38,28,5,English,1000+,Startup,unlimited,
30,Male,Berlin,Senior,Mobile Developer,8,Swift,55000,0,0,,,,24,,English,100-1000,Product,unlimited,Transport
30,Male,Berlin,Middle,Data Scientist,8,Python,90000,12000,12500,,,,27,1,English,100-1000,Product,unlimited,Commerce
30,Male,Amsterdam,Middle,Frontend Developer,10,Javascript / Typescript,87500,13500,90000,,,,28,7,English,1000+,Product,unlimited,Transport
30,Male,Zurich,Middle,SRE,6,Python,150000,20000,100000,,,,25,5,English,1000+,Product,unlimited,
30,Male,Berlin,Senior,Backend Developer,8,Javascript / Typescript,65000,0,0,,,,27,4,Deutsch,10-50,Startup,unlimited,Transport
30,Male,Munich,Senior,Frontend Developer,9,Javascript / Typescript,75000,0,0,,,,27,0,Russian,10-50,Product,unlimited,
30,Male,Munich,Senior,Mobile Developer,8,Swift,60000,1500,0,,,,27,0,English,1000+,Product,unlimited,Commerce
30,Male,Berlin,Middle,Fullstack Developer,2,Java,51072,2300,0,,,,30,4,Deutsch,100-1000,Consulting / Agency,unlimited,
30,Male,Munich,Senior,Backend Developer,6,Ruby,67000,3000,0,,,,30,5,English,,Product,,Finance / Insurance
30,Male,Amsterdam,Senior,Backend Developer,9,Java,58500,4500,0,,,,25,,English,100-1000,Product,unlimited,Commerce
30,Male,Amsterdam,Middle,System Administrator,6,Not Relevant,70000,10000,0,,,,26,,English,1000+,Product,unlimited,Tourism
30,Male,Berlin,Senior,Data Scientist,8,Python,90000,20000,0,,,,,,English,50-100,Startup,more than 1 year,Scientific Activities
30,Male,Wolfsburg,Senior,Backend Developer,4,Java,75000,0,0,,,,26,0,English,50-100,Consulting / Agency,unlimited,Automotive
30,Male,Berlin,,Manager,10,Java,83000,0,0,,,,,,English,1000+,Product,unlimited,
30,Male,Berlin,Senior,Backend Developer,6,PHP,63000,0,0,,,,24,,English,100-1000,Product,unlimited,Transport
30,Male,Munich,Senior,Backend Developer,10,PHP,80000,0,0,,,,31,,English,1000+,Product,unlimited,Transport
30,Male,Berlin,Senior,Backend Developer,12,Python,70000,0,0,,,,,,English,10-50,Startup,unlimited,IT
30,Male,Berlin,Middle,Data Engineer,9,Python,68000,0,0,,,,28,,English,100-1000,Product,unlimited,Finance / Insurance
30,Male,Cologne,Middle,Data Scientist,5,R,73000,0,0,,,,30,4,English,1000+,Product,unlimited,Construction
30,Male,Berlin,Senior,Backend Developer,8,Scala,86000,0,0,,,,30,,English,100-1000,Product,unlimited,
31,Female,Berlin,Junior,Data Scientist,1,Python,45000,0,0,36000,,,28,0,English,10-50,Startup,unlimited,Finance / Insurance
31,Male,Berlin,Junior,Frontend Developer,3,Javascript / Typescript,48000,0,0,42000,,,20,4,Deutsch,50-100,Consulting / Agency,unlimited,Scientific Activities
31,Male,Berlin,Middle,Product Manager,5,Not Relevant,55000,1,1,45000,1,1,24,4,Deutsch,50-100,Product,more than 1 year,Education
31,Female,Munich,Junior,Fullstack Developer,4,Java,57000,3060,0,47000,5000,,28,1,Deutsch,100-1000,Product,unlimited,Finance / Insurance
31,Male,Berlin,Senior,Backend Developer,7,PHP,60000,0,0,50000,,,26,20,English,10-50,Product,unlimited,Commerce
31,Male,Berlin,Senior,Frontend Developer,10,Javascript / Typescript,67000,0,0,53000,,0,24,4,English,1000+,Product,unlimited,Commerce
31,Female,Amsterdam,Senior,QA,5,Javascript / Typescript,67000,0,0,54000,900,,26,4,English,100-1000,Product,unlimited,Media
31,Female,Berlin,Middle,Data Scientist,2,Python,62000,0,8000,55000,,,31,20,English,100-1000,Startup,more than 1 year,Agriculture
31,Male,D√ºsseldorf,Middle,Business Analyst,5,Not Relevant,55000,3000,0,55000,5000,,27,5,English,1000+,Consulting / Agency,unlimited,Consulting
31,Male,Munich,Senior,Frontend Developer,7,Javascript / Typescript,56600,4650,0,56000,4600,,30,4,Deutsch,1000+,Consulting / Agency,unlimited,Finance / Insurance
31,Female,Berlin,Middle,Data Scientist,1,Python,59000,19000,0,56000,8000,,30,,English,100-1000,Consulting / Agency,unlimited,Transport
31,Male,Hamburg,Middle,Backend Developer,11,Java,65000,0,0,58000,0,0,28,0,Deutsch,100-1000,Product,unlimited,Media
31,Female,Berlin,Senior,Backend Developer,5,Java,75000,0,0,60000,,0,25,5,English,100-1000,Product,unlimited,Commerce
31,Male,Munich,Senior,Mobile Developer,5,Kotlin,60000,0,0,60000,10000,0,38,30,English,50-100,Product,unlimited,Tourism
31,Male,Berlin,Senior,Fullstack Developer,10,Java,65000,0,0,60000,,,24,4,English,up to 10,Startup,unlimited,
31,Male,Berlin,Senior,Fullstack Developer,9,Javascript / Typescript,65000,0,0,60000,,,26,4,English,50-100,Product,more than 1 year,Tourism
31,Male,Berlin,Senior,Backend Developer,8,PHP,60000,0,0,60000,,,24,0,English,100-1000,Product,unlimited,Commerce
31,Male,Berlin,Senior,Data Engineer,6,Python,75000,0,0,60000,,,28,20,English,100-1000,Product,unlimited,Automotive
31,Male,Berlin,Middle,Fullstack Developer,10,Javascript / Typescript,65000,0,0,65000,0,0,25,8,English,100-1000,Product,unlimited,Dating
31,Male,Frankfurt,Middle,System Administrator,10,Python,65000,5000,0,65000,5000,,25,,English,100-1000,Product,more than 1 year,Finance / Insurance
31,Female,Munich,Senior,Mobile Developer,8,Swift,75000,0,0,65000,,,26,20,English,100-1000,Startup,unlimited,Finance / Insurance
31,Male,Munich,Lead,Fullstack Developer,10,Javascript / Typescript,72000,7000,0,66000,6000,,28,,English,1000+,Product,unlimited,Finance / Insurance
31,Male,Munich,Senior,Backend Developer,10,Java,78000,0,15000,70000,,15000,28,,English,100-1000,Startup,unlimited,Tourism
31,Male,Munich,Senior,Head of Engineering,11,Swift,75000,0,0,70000,,,22,5,English,50-100,Startup,unlimited,Health
31,Male,Berlin,Middle,Mobile Developer,6,Swift,72000,0,0,70000,,,27,0,English,100-1000,Product,unlimited,Commerce
31,Male,Frankfurt,Middle,Backend Developer,7,Java,74200,0,0,70200,,,35,6,English,1000+,Product,unlimited,Scientific Activities
31,Female,Frankfurt,Senior,Backend Developer,7,Java,68000,0,0,72000,,,28,10,English,10-50,Startup,unlimited,Security
31,Male,Munich,Senior,Backend Developer,9,Java,75000,0,0,75000,,,28,,English,10-50,Startup,unlimited,
31,Male,Berlin,Senior,Fullstack Developer,12,Javascript / Typescript,80000,0,0,75000,,,30,4,English,1000+,Product,unlimited,Finance / Insurance
31,Male,Berlin,Senior,Data Scientist,6,Python,78000,0,0,76000,,,,,English,1000+,Product,unlimited,Commerce
31,Male,D√ºsseldorf,Senior,Backend Developer,11,Python,82500,11400,0,76300,10850,,30,20,English,1000+,Product,unlimited,IT
31,Male,Berlin,Senior,Business Analyst,8,SQL,91000,10000,10000,84000,9000,10000,28,0,English,1000+,Product,unlimited,Commerce
31,Male,Munich,Senior,Software Engineer,11,C/C++,95000,25000,0,87000,8000,5000,30,,English,100-1000,Product,unlimited,
31,Male,Berlin,Senior,Data Scientist,8,Python,98000,17000,0,90000,11000,,30,,English,1000+,Product,unlimited,Commerce
31,Male,Berlin,Lead,Backend Developer,10,Java,115000,15000,45000,107000,11000,37000,30,,English,100-1000,Startup,unlimited,
31,Male,Munich,Senior,SAP Consultant,8,Not Relevant,130000,0,0,110000,,,30,15,English,1000+,Product,unlimited,IT
31,Male,Munich,Lead,Machine Learning Engineer,9,Python,125000,28000,0,115000,7000,15000,30,,Deutsch,100-1000,Startup,unlimited,Transport
31,Male,Munich,Lead,Machine Learning Engineer,9,Python,125000,28000,0,115000,7000,15000,30,,Deutsch,100-1000,Startup,unlimited,Transport
31,Male,Munich,Senior,Mobile Developer,8,Swift,65000,0,5,,,,24,5,English,50-100,Startup,unlimited,Health
31,Male,Berlin,Head,"CTO (CEO, CFO)",12,Java,210000,0,1000,,,,32,5,English,1000+,Product,unlimited,Commerce
31,Male,Berlin,Senior,SRE,10,Go,78000,4000,18000,,,,25,,English,1000+,Product,unlimited,Commerce
31,Male,Berlin,Senior,Manager,10,Java,106000,0,22000,,,,27,,English,1000+,Startup,unlimited,Commerce
31,Male,Berlin,Senior,Manager,10,Java,106000,0,22000,,,,27,,English,1000+,Startup,unlimited,Commerce
31,Male,Berlin,Senior,Data Engineer,10,Python,105000,20000,30000,,,,28,5,English,1000+,Product,unlimited,Commerce
31,Male,Stuttgart,Middle,Mobile Developer,6,Javascript / Typescript,50000,1000,0,,,,30,3,Deutsch,1000+,Product,unlimited,Scientific Activities
31,Male,Wroclaw,Senior,Backend Developer,10,Ruby,45000,2500,0,,,,28,20,English,50-100,Consulting / Agency,more than 1 year,
31,Male,Munich,Senior,Fullstack Developer,8,Java,68000,3000,0,,,,26,2,English,10-50,Product,unlimited,Finance / Insurance
31,Male,Berlin,Senior,QA,9,Java,67000,4000,0,,,,20,4,English,100-1000,Product,unlimited,Automotive
31,Male,Frankfurt,Senior,Data Scientist,7,Python,85000,15000,0,,,,30,10,English,1000+,,unlimited,Health
31,Male,Munich,,DevOps,8,AWS,80000,0,0,,,,,,English,,,unlimited,
31,Male,Berlin,Senior,Backend Developer,8,Go,65000,0,0,,,,26,,English,100-1000,Product,6 months,Gaming
31,Male,Berlin,Middle,Backend Developer,2,Java,62000,0,0,,,,30,0,English,1000+,Product,unlimited,Commerce
31,Male,Berlin,Middle,Backend Developer,3,Java,48000,0,0,,,,24,0,English,100-1000,Product,unlimited,Transport
31,Male,Munich,Senior,QA,8,Java,73000,0,0,,,,28,0,English,100-1000,Product,unlimited,Dating
31,Male,Berlin,Senior,DevOps,10,PHP,75000,0,0,,,,28,,English,1000+,Product,unlimited,Commerce
31,Male,Stuttgart,Senior,Data Engineer,3,Python,20000,0,0,,,,,,Russian,1000+,Bodyshop / Outsource,less than 3 months,Real Estate
31,Male,Berlin,Senior,Fullstack Developer,9,Python,64000,0,0,,,,30,,English,10-50,Startup,unlimited,Commerce
31,Male,Berlin,Senior,Head of AI,5,Python,150000,0,0,,,,28,4,English,1000+,Product,unlimited,
31,Female,Berlin,Junior,Machine Learning Engineer,1,Python,52500,0,0,,,,30,20,Deutsch,100-1000,Consulting / Agency,unlimited,Commerce
32,Female,Frankfurt,Senior,Recruiter ,10,Not Relevant,56000,80000,0,36000,50000,,24,4,English,100-1000,Consulting / Agency,unlimited,Software Development
32,Female,Stuttgart,Middle,Manager,3,Not Relevant,51000,0,0,42000,0,0,25,1,English,10-50,Product,unlimited,Finance / Insurance
32,Female,Nuremberg,Senior,QA,8,Java,50000,0,0,44000,,,26,8,English,100-1000,Product,unlimited,Commerce
32,Female,Munich,Middle,Fullstack Developer,10,Java,47500,0,0,47500,,,25,,English,10-50,Bodyshop / Outsource,unlimited,Finance / Insurance
32,Male,Berlin,Middle,Backend Developer,2,Java,53900,0,0,49000,,0,28,4,English,1000+,Product,unlimited,Commerce
32,Female,Berlin,Middle,Mobile Developer,7,Kotlin,55000,0,0,52000,,,23,4,English,1000+,Product,unlimited,Commerce
32,Male,Stuttgart,Senior,Frontend Developer,12,Javascript / Typescript,69000,5000,0,55000,,,30,5,Deutsch,1000+,Product,unlimited,Transport
32,Male,Berlin,Senior,Backend Developer,12,Ruby,65000,0,0,55000,,,28,0,Russian,100-1000,Product,unlimited,Finance / Insurance
32,Female,Berlin,Middle,Frontend Developer,12,Javascript / Typescript,59500,4000,0,56000,,,30,10,English,1000+,Product,unlimited,Software Development
32,Male,Berlin,Senior,Embedded Developer,10,C/C++,66000,0,0,56000,,,30,0,English,50-100,Product,unlimited,Automotive
32,Male,Berlin,Middle,Mobile Developer,5,Swift,60000,6000,0,56400,,,28,4,English,100-1000,Product,unlimited,Commerce
32,Female,Munich,Middle,Fullstack Developer,5,Python,70000,0,0,58000,4000,,25,4,English,50-100,Startup,unlimited,Tourism
32,Male,Berlin,Senior,Backend Developer,5,Java,62000,5000,0,58000,,,28,,Deutsch,1000+,Consulting / Agency,unlimited,IT
32,Male,Frankfurt,Middle,Machine Learning Engineer,2,Python,68000,7000,1,60000,3000,0,32,4,Deutsch,1000+,Consulting / Agency,unlimited,Finance / Insurance
32,Male,Berlin,Senior,DevOps,13,Not Relevant,60000,6000,0,60000,6000,,24,,English,50-100,Product,unlimited,IoT
32,Male,Vienna,Middle,Data Scientist,2,R,70000,7000,0,60000,5000,,25,2,English,100-1000,Product,unlimited,Telecom
32,Male,Berlin,Senior,Data Engineer,12,AWS,80000,0,0,60000,,,26,20,English,100-1000,Startup,unlimited,Transport
32,Male,Berlin,Senior,Backend Developer,11,PHP,65000,0,0,60000,,,26,2,English,50-100,Product,unlimited,Commerce
32,Male,Berlin,Senior,Backend Developer,12,PHP,68000,0,0,60000,,,28,20,English,50-100,Product,unlimited,Commerce
32,Male,Berlin,Senior,Backend Developer,11,Python,70000,0,0,60000,,,27,,English,1000+,Product,unlimited,
32,Male,Munich,Middle,Backend Developer,12,Java,64000,0,0,61000,,,24,,English,100-1000,Startup,1 year,Finance / Insurance
32,Male,D√ºsseldorf,Senior,Data Engineer,7,Python,62000,5000,0,62000,5000,,30,5,English,1000+,Product,unlimited,Manufacture
32,Male,Frankfurt,Middle,Data Scientist,3,Python,73500,7000,0,62000,6000,,30,5,Deutsch,1000+,Product,unlimited,Health
32,Female,Berlin,Senior,Backend Developer,13,PHP,64000,0,0,63000,,,27,,English,100-1000,Startup,unlimited,
32,Male,Hilversum,Senior,Fullstack Developer,10,Java,83000,0,500,65000,,,25,4,English,50-100,Product,unlimited,Software Development
32,Male,Berlin,Senior,Backend Developer,12,Ruby,75000,5500,0,65000,2000,,25,4,English,100-1000,Product,unlimited,Advertising
32,Male,Frankfurt,Middle,Data Engineer,10,Not Relevant,68000,6800,0,65000,6500,,30,,English,50-100,Startup,unlimited,Transport
32,Male,Munich,Senior,Software Architect,8,Java,100000,0,0,65000,10000,,29,,Deutsch,10-50,Product,unlimited,Health
32,Male,Munich,Senior,Backend Developer,5,PHP,65000,0,0,65000,,,30,5,English,1000+,Product,unlimited,Transport
32,Male,Munich,Senior,SRE,11,Java,69300,8500,0,66000,8000,,28,5,Deutsch,100-1000,Product,unlimited,Commerce
32,Male,Munich,Middle,Backend Developer,8,Java,68000,0,0,66000,,,30,,English,1000+,Product,unlimited,Media
32,Male,Munich,Lead,Backend Developer,14,PHP,80000,8000,0,70000,,,30,4,Deutsch,1000+,Product,unlimited,
32,Male,Berlin,Senior,Mobile Developer,10,Kotlin,78000,0,0,70000,,,30,,English,50-100,Consulting / Agency,unlimited,Transport
32,Male,Berlin,Senior,DevOps,7,AWS,72000,0,0,72000,,,24,3,English,1000+,Product,unlimited,Catering
32,Male,Berlin,Senior,Backend Developer,10,Java,78000,3000,0,75000,0,0,27,0,English,100-1000,Startup,unlimited,Tourism
32,Male,Berlin,Senior,Fullstack Developer,10,Javascript / Typescript,75000,0,0,75000,,,25,,English,10-50,Startup,unlimited,Finance / Insurance
32,Male,Berlin,Lead,Software Engineer,10,Not Relevant,83000,0,0,75000,,,28,,English,1000+,Product,unlimited,Transport
32,Male,Berlin,Senior,Backend Developer,11,Java,81600,2500,12000,78000,3000,0,36,5,English,1000+,Product,unlimited,Transport
32,Male,Berlin,Senior,Software Architect,13,Java,78600,0,0,78600,,,30,,English,100-1000,Product,unlimited,Marketing
32,Male,Berlin,Senior,Software Architect,4,Not Relevant,87000,15000,0,81000,1500,,30,8,English,1000+,Consulting / Agency,unlimited,Finance / Insurance
32,Female,Berlin,Senior,Backend Developer,12,.NET,96000,0,0,85000,,,30,,English,1000+,Product,1 year,Finance / Insurance
32,Male,Berlin,Senior,Manager,10,Go,88000,0,0,88000,,,,,English,100-1000,Product,unlimited,
32,Male,Munich,Lead,Fullstack Developer,14,Scala,98000,0,0,90000,,,30,,English,100-1000,Product,unlimited,Transport
32,Male,Munich,Senior,Mobile Developer,14,Swift,90000,0,0,90000,,,29,,English,,Product,unlimited,Commerce
32,Male,Berlin,Senior,Data Scientist,10,Python,103000,15000,24000,96000,20000,,25,,English,1000+,Product,unlimited,Commerce
32,Male,Berlin,Senior,Data Scientist,10,Python,110000,15000,0,102000,12000,,28,,English,1000+,Product,unlimited,Commerce
32,Male,Berlin,Junior,Data Scientist,2,R,48000,0,1,,,,30,5,English,50-100,Product,more than 1 year,Nature Conservation
32,Male,Berlin,Lead,Data Scientist,9,Python,107000,12000,28000,,,,28,,English,1000+,Product,unlimited,Commerce
32,Male,Munich,Lead,Machine Learning Engineer,12,C/C++,115000,25000,48000,,,,30,,English,1000+,Product,unlimited,Scientific Activities
32,Male,Berlin,Head,Data Scientist,10,Python,130000,35000,80000,,,,30,,English,50-100,Startup,,Commerce
32,Female,Riga,Junior,Backend Developer,1,AWS,13200,0,0,,,,20,4,English,50-100,Consulting / Agency,unlimited,Construction
32,Male,Berlin,Senior,QA,13,Java,65000,0,0,,,,24,,English,100-1000,Product,unlimited,Catering
32,Female,Berlin,Junior,Data Scientist,1,Python,45600,0,0,,,,25,0,Deutsch,10-50,Startup,1 year,Education
32,Male,Munich,Senior,Business Analyst,9,Java,70000,800,0,,,,25,,English,100-1000,Product,unlimited,Finance / Insurance
32,Male,Nuremberg,Middle,Data Scientist,2,Python,50000,4100,0,,,,30,0,English,1000+,Consulting / Agency,unlimited,Marketing
32,Male,Frankfurt,Junior,Data Scientist,0,Python,55000,5500,0,,,,30,4,English,50-100,Consulting / Agency,unlimited,Transport
32,Female,Munich,Senior,Backend Developer,8,Java,62000,6000,0,,,,,,English,1000+,Product,unlimited,Finance / Insurance
32,Male,Amsterdam,Middle,Backend Developer,5,C/C++,53000,8500,0,,,,25,,English,50-100,Product,unlimited,Scientific Activities
32,Male,Vienna,Lead,Software Architect,12,.NET,80000,8800,0,,,,25,4,English,1000+,Product,unlimited,Health
32,Male,Munich,Senior,DevOps,9,AWS,90000,9000,0,,,,30,20,English,1000+,Product,unlimited,Software Development
32,Male,Amsterdam,Middle,DevOps,2,AWS,70000,0,0,,,,26,10,English,1000+,Bodyshop / Outsource,1 year,
32,Male,Berlin,Senior,Backend Developer,10,Java,110000,0,0,,,,,,Deutsch,100-1000,Consulting / Agency,6 months,Transport
32,Female,Berlin,Middle,Backend Developer,3,Java,54000,0,0,,,,30,4,English,100-1000,Product,unlimited,Analytics 
32,Male,Frankfurt,Middle,Fullstack Developer,5,Java,63000,0,0,,,,30,5,Deutsch,1000+,Consulting / Agency,unlimited,Transport
32,Male,Munich,Middle,Frontend Developer,3,Javascript / Typescript,55000,0,0,,,,28,,English,1000+,Product,unlimited,Commerce
32,Male,Frankfurt,Middle,Mobile Developer,4,Kotlin,50000,0,0,,,,,,English,10-50,Product,unlimited,
32,Female,Amsterdam,Senior,Business Analyst,7,Not Relevant,74900,0,0,,,,25,,English,1000+,Product,unlimited,Health
32,Male,Frankfurt,Senior,DevOps,12,Not Relevant,160000,0,0,,,,,,Deutsch,1000+,,,
32,Female,Berlin,Senior,QA,8,Python,42000,0,0,,,,26,3,English,100-1000,Product,unlimited,Commerce
32,Male,Berlin,Middle,Mobile Developer,7,Swift,66000,0,0,,,,25,,English,1000+,,unlimited,
32,Male,Amsterdam,Senior,Mobile Developer,11,Swift,65000,0,0,,,,25,0,English,10-50,Startup,unlimited,Finance / Insurance
33,Male,Kyiv,Middle,System Administrator,15,Not Relevant,36000,2000,0,20000,2000,0,24,5,Russian,10-50,Consulting / Agency,unlimited,Government
33,Male,Berlin,Junior,Support,2,Not Relevant,36000,3000,0,30000,,,25,0,Deutsch,100-1000,Product,unlimited,Construction
33,Female,Berlin,Middle,Data Scientist,1,Python,50000,0,0,45000,,,30,4,English,100-1000,Startup,unlimited,Education
33,Male,Berlin,Middle,Backend Developer,4,Java,58000,0,0,48000,,,29,4,Deutsch,1000+,Product,unlimited,
33,Female,Berlin,Senior,Backend Developer,6,PHP,62000,0,0,48000,,,26,,English,100-1000,Product,unlimited,Commerce
33,Male,Munich,Senior,Fullstack Developer,12,PHP,54000,4500,0,50000,500,,28,4,English,up to 10,Startup,unlimited,Health
33,Male,Amsterdam,Middle,Researcher,8,Not Relevant,50000,5000,0,50000,5000,,45,,English,1000+,University,unlimited,Scientific Activities
33,Female,Munich,Middle,Manager,5,Not Relevant,55000,0,0,50000,,,28,8,English,50-100,Startup,unlimited,Commerce
33,Female,Berlin,Middle,QA,5,Ruby,63400,0,0,51000,,,28,,English,1000+,Product,unlimited,Catering
33,Female,Munich,Junior,Data Scientist,3,Python,60000,0,0,52000,4000,,30,4,Deutsch,1000+,Product,unlimited,Telecom
33,Male,Leipzig,Senior,Mobile Developer,13,Kotlin,56000,2000,0,52000,,,23,,English,100-1000,Consulting / Agency,unlimited,IT
33,Male,Munich,Senior,Embedded Developer,4,C/C++,60000,1400,0,55000,1100,,30,2,Deutsch,100-1000,Consulting / Agency,unlimited,Manufacture
33,Male,Berlin,Senior,Backend Developer,10,.NET,60000,0,0,55000,,,25,7,English,10-50,Product,unlimited,Commerce
33,Male,Berlin,Senior,Frontend Developer,8,Javascript / Typescript,70000,0,0,56000,,,24,,English,10-50,Startup,unlimited,
33,Male,Berlin,Senior,QA,8,Javascript / Typescript,63000,0,0,57000,,,30,5,English,1000+,Product,unlimited,Manufacture
33,Female,Hamburg,Middle,Data Scientist,5,SQL,58000,0,0,57000,1000,,28,,Deutsch,100-1000,Consulting / Agency,unlimited,Finance / Insurance
33,Male,Munich,Senior,Backend Developer,7,PHP,65000,0,0,57200,,,28,,English,50-100,Product,unlimited,Finance / Insurance
33,Male,Berlin,Senior,Fullstack Developer,13,PHP,64000,1000,0,58000,1000,,29,4,English,50-100,Startup,unlimited,Tourism
33,Male,Rotterdam,Senior,QA,11,Java,70000,0,0,59000,,,25,,English,100-1000,Product,unlimited,IT
33,Male,Munich,Senior,QA,5,Kotlin,70000,5000,360,60000,,0,30,4,English,1000+,Product,unlimited,Media
33,Male,Munich,Senior,Backend Developer,11,Java,68000,5000,0,60000,4000,,28,4,English,100-1000,Product,unlimited,Commerce
33,Female,Hamburg,Senior,QA,12,Not Relevant,65000,5500,0,61000,,,30,8,English,100-1000,Product,unlimited,Transport
33,Male,Berlin,Senior,Embedded Developer,9,C/C++,74000,11000,400,61200,6000,0,30,5,English,100-1000,Product,unlimited,Automotive
33,Male,Munich,Senior,Fullstack Developer,8,.NET,63000,0,0,62000,,,30,8,English,100-1000,Product,unlimited,Transport
33,Male,Munich,Senior,Data Scientist,11,Python,67500,0,1,65000,,,32,3,English,50-100,Product,unlimited,Commerce
33,Male,Karlsruhe,Senior,QA,7,Java,67000,6700,3000,65000,6000,3000,30,5,English,1000+,Product,unlimited,Commerce
33,Male,Berlin,Senior,Backend Developer,11,Go,75000,0,7500,65000,,,25.5,4,English,100-1000,Product,unlimited,Catering
33,Male,Berlin,Senior,QA,8,Java,75000,0,0,65000,,,28,4,English,100-1000,Startup,unlimited,Finance / Insurance
33,Male,Amsterdam,Middle,Fullstack Developer,10,PHP,69000,0,0,65000,,,24,,English,100-1000,Product,unlimited,Commerce
33,Male,Berlin,Senior,Frontend Developer,10,Javascript / Typescript,70000,0,0,68000,,,40,10,English,10-50,Startup,unlimited,Customer Support
33,Male,Berlin,Senior,Backend Developer,9,Java,69000,0,0,69000,,,30,2,English,100-1000,Product,unlimited,
33,Male,Berlin,Senior,Frontend Developer,11,Javascript / Typescript,70000,0,1,70000,1,0,25,5,English,10-50,Startup,unlimited,Commerce
33,Male,Berlin,Middle,Data Scientist,3,Scala,77000,0,3000,70000,,3000,26,1,English,100-1000,Startup,unlimited,Tourism
33,Male,Berlin,Senior,Backend Developer,8,Python,75000,0,10000,70000,,10000,25,20,English,100-1000,Product,unlimited,Software Development
33,Male,Berlin,Senior,Mobile Developer,10,Kotlin,80000,0,0,72000,,,28,5,English,1000+,Product,unlimited,Media
33,Male,Munich,Senior,Embedded Developer,11,C/C++,78000,0,0,72000,,,25,,Russian,up to 10,Bodyshop / Outsource,unlimited,Automotive
33,Male,Munich,Senior,Frontend Developer,5,Javascript / Typescript,78000,0,0,72000,,,30,,English,50-100,Startup,unlimited,Commerce
33,Male,Berlin,Middle,Backend Developer,10,Kotlin,76000,16000,2000,74000,,1000,28,4,English,1000+,Product,unlimited,Commerce
33,Male,Amsterdam,Senior,Manager,15,Not Relevant,80000,3000,2000,75000,5000,,27,5,English,1000+,Consulting / Agency,unlimited,Software Development
33,Male,Berlin,Senior,Machine Learning Engineer,11,Python,75000,3000,0,75000,3000,,30,5,English,100-1000,Product,unlimited,Real Estate
33,Male,Berlin,Middle,Machine Learning Engineer,11,Python,80000,0,0,75000,,,27,5,English,1000+,Product,unlimited,Commerce
33,Male,Munich,Senior,DevOps,10,AWS,88000,8000,0,80000,,,30,4,English,1000+,Product,unlimited,Manufacture
33,Male,Munich,Senior,Backend Developer,11,AWS,90000,10000,0,80000,7000,,28,,English,1000+,Product,unlimited,Manufacture
33,Male,Berlin,Senior,Fullstack Developer,10,Javascript / Typescript,89000,0,0,83000,0,0,30,15,English,50-100,Product,unlimited,IoT
33,Male,Berlin,Senior,Backend Developer,11,Ruby,91000,0,18000,85000,,,29,4,English,100-1000,Product,unlimited,Finance / Insurance
33,Male,Munich,Lead,Backend Developer,11,Java,90000,0,0,85000,,,28,,English,100-1000,Product,unlimited,Dating
33,Male,Amsterdam,Senior,IT Security,13,Python,90000,0,0,85000,,,25,8,English,50-100,Startup,unlimited,Security
33,Male,Berlin,Senior,Software Architect,15,Javascript / Typescript,100000,3000,0,93000,5000,,26,6,English,1000+,Product,more than 1 year,Health
33,Male,Berlin,Senior,Software Architect,12,Go,120000,12000,25000,95000,10000,15000,30,20,English,100-1000,Product,unlimited,Transport
33,Male,Berlin,Senior,Head of Engineering,16,Not Relevant,115000,0,25000,95000,,10000,28,4,English,100-1000,Product,unlimited,Commerce
33,Male,Munich,Lead,Machine Learning Engineer,12,Python,115000,18000,30000,110000,25000,,30,,Deutsch,100-1000,Startup,unlimited,Transport
33,Male,Munich,Senior,Fullstack Developer,15,PHP,120000,0,0,114000,,,25,,English,100-1000,Product,unlimited,Finance / Insurance
33,Male,Munich,Senior,Backend Developer,12,Java,120000,12000,40000,115000,11000,,30,,Deutsch,100-1000,Consulting / Agency,unlimited,
33,Male,Amsterdam,Middle,Manager,8,Not Relevant,75000,7000,0,,,,29,,English,1000+,Product,1 year,Finance / Insurance
33,Male,Amsterdam,Senior,Frontend Developer,10,Javascript / Typescript,87000,0,50000,,,,25,5,English,1000+,Product,unlimited,Commerce
33,Male,Moscow,Senior,Mobile Developer,12,Kotlin,30000,0,0,,,,28,,Russian,10-50,Startup,unlimited,Construction
33,Male,Cologne,Senior,Backend Developer,10,.NET,60000,2000,0,,,,30,5,Deutsch,10-50,Startup,unlimited,
33,Male,Munich,Senior,Backend Developer,12,.NET,65000,2000,0,,,,,,English,50-100,Product,unlimited,Manufacture
33,Male,Munich,Junior,Backend Developer,2,Java,50000,2000,0,,,,24,2,English,1000+,Product,unlimited,Internet portal
33,Male,Hamburg,Middle,Data Scientist,2,Python,70000,5000,0,,,,30,0,Deutsch,1000+,Product,unlimited,Commerce
33,Male,Munich,Senior,Backend Developer,8,Java,68000,7000,0,,,,30,5,English,100-1000,Product,unlimited,Commerce
33,Male,Munich,Senior,Software Engineer,15,Python,69000,7000,0,,,,28,4,English,100-1000,Product,unlimited,Commerce
33,Male,Zurich,Senior,Backend Developer,6,Java,110000,10000,0,,,,20,,Deutsch,100-1000,Consulting / Agency,unlimited,Commerce
33,Male,Amsterdam,Middle,Backend Developer,9,Java,81000,12150,0,,,,26,,English,1000+,Product,unlimited,Commerce
33,Male,Eindhoven,Senior,Manager,8,Not Relevant,76000,22000,0,,,,25,15,English,1000+,Product,unlimited,Health
33,Male,Berlin,Senior,Backend Developer,10,.NET,87000,0,0,,,,25,4,English,10-50,Bodyshop / Outsource,unlimited,Commerce
33,Male,Hamburg,Middle,Software Engineer,13,C/C++,55000,0,0,,,,29,,English,,Product,unlimited,Software Development
33,Male,Amsterdam,Middle,Fullstack Developer,4,Go,62000,0,0,,,,25,0,English,100-1000,Product,1 year,Telecom
33,Male,Berlin,Middle,Product Manager,4,Not Relevant,65000,0,0,,,,27,0,English,100-1000,Startup,unlimited,Transport
33,Male,Munich,Middle,Product Manager,5,Not Relevant,72000,0,0,,,,28,3,English,100-1000,Startup,unlimited,
33,Male,Zurich,Senior,Backend Developer,6,PHP,90000,0,0,,,,,4,English,50-100,Product,more than 1 year,
33,Male,Berlin,Senior,Data Engineer,3,Python,63000,0,0,,,,30,,English,,Product,unlimited,
33,Male,Cologne,Middle,Data Scientist,3,Python,50000,0,0,,,,25,,English,10-50,Startup,more than 1 year,
33,Male,Berlin,Senior,QA,14,Python,52000,0,0,,,,24,4,English,1000+,Product,unlimited,Commerce
33,Female,Berlin,Junior,Researcher,8,Python,54000,0,0,,,,28,,English,1000+,Product,3 months,Commerce
34,Female,Berlin,Junior,Software Architect,2,Java,45000,300,100,42000,300,100,30,2,Deutsch,50-100,Product,more than 1 year,Scientific Activities
34,Male,Freiburg,Middle,Backend Developer,2,Java,42000,0,0,42000,,,28,,English,100-1000,Consulting / Agency,unlimited,
34,Male,Cologne,Senior,Manager,15,Not Relevant,60000,10000,0,48000,500,,28,5,English,1000+,Consulting / Agency,unlimited,IT
34,Male,Frankfurt,Middle,Data Scientist,3,Python,50000,0,1,50000,1,1,28,5,English,1000+,Product,unlimited,Telecom
34,Female,Berlin,Middle,Data Scientist,2,Python,65000,0,0,51000,,,30,4,English,1000+,Consulting / Agency,unlimited,
34,Male,Berlin,Senior,Backend Developer,6,Python,60000,0,0,52000,,,,,Deutsch,50-100,Product,unlimited,
34,Male,Amsterdam,Senior,Frontend Developer,10,Javascript / Typescript,60000,4500,0,52800,4400,,25,1,English,100-1000,Product,more than 1 year,HR
34,Male,Berlin,Senior,Support,9,PHP,60000,0,0,53500,,,28,,English,100-1000,Product,unlimited,Commerce
34,Female,Berlin,Middle,Backend Developer,5,Kotlin,60000,0,0,55000,0,0,30,5,English,100-1000,Product,unlimited,Real Estate
34,Female,Munich,Senior,Business Analyst,9,Python,75000,0,1,55000,5000,0,24,5,English,50-100,Startup,unlimited,Real Estate
34,Male,Berlin,Senior,QA,8,Java,59000,3000,5000,56000,3000,5000,29,10,English,100-1000,Product,unlimited,Commerce
34,Male,Cologne,Senior,Desktop,13,C/C++,70000,0,0,57000,,,35,,English,50-100,Product,unlimited,Manufacture
34,Male,Cologne,Middle,QA,10,Java,61800,0,0,60000,5000,,25,5,Deutsch,up to 10,Consulting / Agency,unlimited,IT
34,Male,Hamburg,Middle,Backend Developer,10,Ruby,65000,0,0,60000,,,29,20,English,50-100,Product,unlimited,Manufacture
34,Female,Berlin,Senior,QA,12,.NET,74000,0,1,62000,,,30,0,Deutsch,1000+,Product,unlimited,Health
34,Male,Paris,Senior,Data Scientist,9,Python,75000,0,0,62000,,,30,4,French,10-50,Startup,unlimited,
34,Male,Lingen,Senior,Mobile Developer,8,Kotlin,65000,0,0,65000,,,24,20,Deutsch,100-1000,Product,unlimited,Finance / Insurance
34,Male,Berlin,Senior,Backend Developer,13,Python,70000,0,0,65000,,,30,4,English,100-1000,Product,unlimited,Commerce
34,Male,Berlin,Senior,Frontend Developer,10,Javascript / Typescript,68000,6800,0,65000,,0,26,,English,100-1000,Product,unlimited,Commerce
34,Male,Pforzheim,Senior,Backend Developer,13,Java,75000,0,0,65000,,,29,0,Deutsch,50-100,Product,unlimited,Commerce
34,Male,Karlsruhe,Senior,Fullstack Developer,12,Javascript / Typescript,75000,0,0,66000,4000,,27,4,English,100-1000,Product,unlimited,Finance / Insurance
34,Male,Berlin,Senior,Manager,2,Not Relevant,63600,0,0,66000,,,45,5,Deutsch,50-100,Product,unlimited,Commerce
34,Male,Berlin,Senior,Manager,2,Not Relevant,63600,0,0,66000,,,45,5,Deutsch,50-100,Product,unlimited,Commerce
34,Male,Berlin,Senior,Data Scientist,4,R,67000,10000,0,67000,10000,,27,4,English,100-1000,Product,unlimited,Finance / Insurance
34,Male,Cologne,Middle,Data Scientist,8,R,72000,16000,0,70000,4000,,30,4,English,1000+,Product,more than 1 year,Health
34,Male,Munich,Senior,Backend Developer,15,PHP,86000,0,0,72000,8000,,30,10,English,1000+,Product,unlimited,Transport
34,Male,Amsterdam,Senior,Fullstack Developer,12,.NET,75000,0,0,73000,,,20,,English,100-1000,Product,unlimited,Finance / Insurance
34,Male,Berlin,Senior,Backend Developer,10,C/C++,90000,0,0,75000,,,30,10,English,100-1000,Product,unlimited,
34,Male,Frankfurt,Senior,Software Architect,10,Python,100000,25000,0,76000,10000,0,30,20,English,1000+,Product,unlimited,Software Development
34,Male,Berlin,Senior,Backend Developer,12,Java,85000,0,0,76000,,,25,,English,50-100,Startup,unlimited,
34,Male,Munich,Lead,Fullstack Developer,8,Scala,90000,5000,0,80000,,,30,5,English,100-1000,Product,unlimited,Commerce
34,Male,Berlin,Senior,Backend Developer,14,Rust,86000,7500,0,81000,7500,,25,,English,50-100,Startup,1 year,Commerce
34,Male,Munich,Middle,Manager,7,Not Relevant,96000,9600,0,84000,,,30,,English,100-1000,Product,unlimited,Commerce
34,Male,Munich,Senior,Backend Developer,10,PHP,120000,0,0.01,90000,,0.01,20,20,English,up to 10,Consulting / Agency,1 year,
34,Male,Munich,Senior,Manager,12,Not Relevant,96000,25000,1500,92000,20000,1500,28,20,English,1000+,Product,unlimited,IT
34,Male,Zug,Senior,Backend Developer,12,C/C++,160000,0,1,,,,25,5,English,10-50,Product,unlimited,Finance / Insurance
34,Female,Berlin,Senior,"Designer (UI, UX)",8,Not Relevant,52000,5200,30,,,,25,,English,,Startup,unlimited,Commerce
34,Male,Berlin,Middle,Product Manager,6,Not Relevant,65000,0,0,,,,27,5,English,1000+,Product,unlimited,Commerce
34,Male,Munich,Junior,Backend Developer,3,Java,46000,2000,0,,,,,,Deutsch,100-1000,Product,unlimited,
34,Male,Berlin,Senior,Embedded Developer,12,C/C++,60000,5000,0,,,,25,5,English,100-1000,Startup,unlimited,Commerce
34,Male,Hamburg,Senior,Data Scientist,9,Kotlin,100000,5000,0,,,,24,,English,100-1000,Consulting / Agency,unlimited,Commerce
34,Male,Berlin,Senior,Backend Developer,9,.NET,70000,7000,0,,,,25,,English,1000+,Product,unlimited,Commerce
34,Male,Munich,Senior,Researcher,12,C/C++,90000,22500,0,,,,30,0,English,100-1000,Product,unlimited,Transport
34,Male,Frankfurt,Middle,Data Engineer,4,.NET,90000,30000,0,,,,30,0,Deutsch,10-50,Product,unlimited,Finance / Insurance
34,Male,Munich,Senior,Manager,13,Java,125000,55000,0,,118000,50000,32,,Deutsch,100-1000,Product,unlimited,Manufacture
34,Female,Kyiv,Senior,Researcher,13,C/C++,38400,0,0,,,,27,,English,100-1000,University,unlimited,Education
34,Male,Berlin,Senior,Backend Developer,10,Java,87000,0,0,,,,28,,English,50-100,Product,unlimited,Advertising
34,Male,Munich,Senior,Backend Developer,12,Java,73000,0,0,,,,30,,English,1000+,Product,unlimited,IT
34,Male,Munich,Senior,Backend Developer,11,Javascript / Typescript,92000,0,0,,,,30,15,English,50-100,Product,unlimited,Health
34,Male,Munich,Senior,Backend Developer,11,Javascript / Typescript,92000,0,0,,,,30,15,English,50-100,Product,unlimited,Health
34,Male,Berlin,Middle,Frontend Developer,3,Javascript / Typescript,50000,0,0,,,,27,0,English,100-1000,Product,more than 1 year,Commerce
34,Female,Berlin,Middle,Manager,3,Javascript / Typescript,57000,0,0,,,,,,English,100-1000,Product,unlimited,Education
34,Male,Berlin,Senior,Manager,10,Not Relevant,66000,0,0,,,,30,,English,1000+,Bodyshop / Outsource,unlimited,
34,Male,Munich,Senior,Manager,16,PHP,85000,0,0,,,,28,20,English,1000+,Product,unlimited,Commerce
34,Male,Berlin,Senior,Machine Learning Engineer,10,Scala,80000,0,0,,,,30,20,English,50-100,Product,unlimited,Commerce
35,Female,Berlin,Middle,QA,3,Java,40000,0,0,37000,0,0,28,0,English,100-1000,Product,unlimited,Commerce
35,Female,Berlin,Junior,Frontend Developer,2,Javascript / Typescript,50000,0,0,40000,,,26,2,English,100-1000,Startup,unlimited,IoT
35,Female,Madrid,Middle,Sales Engineer,12,Not Relevant,46000,3000,0,45000,3500,,22,0,Spanish,1000+,Product,unlimited,Manufacture
35,Male,Berlin,Middle,Business Analyst,7,SQL,57000,0,0,46000,,,26,,English,100-1000,Startup,1 year,Finance / Insurance
35,Male,Hamburg,Senior,Backend Developer,10,Java,62000,0,0,48000,,,27,4,English,1000+,Product,unlimited,Transport
35,Male,Nuremberg,Middle,Fullstack Developer,9,.NET,66000,6000,0,53000,6000,,30,4,Deutsch,50-100,Consulting / Agency,unlimited,Food Retail
35,Male,Stuttgart,Senior,Backend Developer,6,PHP,60600,0,0,54000,,,30,4,English,100-1000,Product,unlimited,Commerce
35,Male,Munich,Senior,Network Engineer,12,Not Relevant,75000,0,500,55000,800,,30,7,Deutsch,up to 10,Consulting / Agency,unlimited,
35,Male,Frankfurt,Senior,Backend Developer,16,PHP,55000,0,0,55000,,,24,,English,50-100,Product,unlimited,Finance / Insurance
35,Female,Braunschweig,Senior,Embedded Developer,5,C/C++,45000,300,0,56000,300,,75,4,Deutsch,100-1000,Bodyshop / Outsource,unlimited,Transport
35,Male,Berlin,Senior,Mobile Developer,8,Kotlin,65000,5000,0,56000,,,24,1,Deutsch,50-100,Product,unlimited,IT
35,Male,Munich,Senior,Embedded Developer,12,C/C++,78000,13000,1,60000,1,1,30,1,English,100-1000,Consulting / Agency,unlimited,Transport
35,Male,Munich,Senior,Embedded Developer,13,C/C++,78000,13000,1,60000,1,1,30,10,English,50-100,Consulting / Agency,unlimited,Transport
35,Male,Berlin,Senior,Backend Developer,16,PHP,65000,0,0,60000,,,,0,English,100-1000,Product,unlimited,Commerce
35,Female,Amsterdam,Senior,Backend Developer,13,.NET,64000,0,0,61500,,,22.5,8,English,1000+,Product,unlimited,Commerce
35,Male,Eindhoven ,Senior,Frontend Developer,10,Javascript / Typescript,62000,0,0,62000,,,28,,English,1000+,Bodyshop / Outsource,unlimited,
35,Male,Berlin,Middle,Data Engineer,10,Java,70000,0,10000,65000,,10000,30,20,English,100-1000,Product,unlimited,Finance / Insurance
35,Male,D√ºsseldorf,Senior,DevOps,15,AWS,65000,0,0,65000,,,30,5,Deutsch,up to 10,Consulting / Agency,unlimited,Finance / Insurance
35,Male,Amsterdam,Senior,QA,10,Not Relevant,65000,5000,0,65000,5000,,40,4,English,1000+,Product,,Scientific Activities
35,Male,Berlin,Senior,Backend Developer,10,Javascript / Typescript,68000,10000,0,66000,9000,,30,8,English,100-1000,Product,unlimited,Transport
35,Male,Amsterdam,Senior,Data Engineer,10,Go,74400,0,0,68000,,,25,,English,10-50,Product,unlimited,Tourism
35,Female,Berlin,Senior,Data Scientist,5,Python,71000,0,0,68000,,,26,1,English,10-50,Startup,unlimited,Gaming
35,Male,Frankfurt,Middle,Business Analyst,15,Not Relevant,72000,16000,3500,70000,10000,,28,4,English,1000+,Product,unlimited,Finance / Insurance
35,Male,Munich,Senior,DevOps,15,Java,73000,6000,0,70000,5700,,,5,Deutsch,1000+,Product,unlimited,Manufacture
35,Male,Frankfurt,Senior,Software Architect,12,AWS,70000,7000,0,70000,7000,,30,7,Deutsch,1000+,Consulting / Agency,unlimited,IT
35,Male,Munich,Senior,Backend Developer,16,Java,70000,0,0,70000,,,25,,Russian,10-50,Product,unlimited,Media
35,Male,Munich,Senior,Mobile Developer,7,Kotlin,77500,0,0,70000,,,29,6,English,100-1000,Product,unlimited,Health
35,Male,Stuttgart,Senior,Manager,5,Python,72000,14000,0,72000,12000,,30,4,English,1000+,Bodyshop / Outsource,unlimited,IT
35,Male,Berlin,Senior,Backend Developer,13,Java,75000,0,0,75000,,0,30,0,English,100-1000,Product,unlimited,Commerce
35,Male,Amsterdam,Senior,Backend Developer,16,Java,77500,0,0,75000,,,27.5,7,English,1000+,Bank,unlimited,Finance / Insurance
35,Male,Amsterdam,Senior,Backend Developer,15,C/C++,82500,0,0,75000,2500,,30,5,English,up to 10,Product,unlimited,Manufacture
35,Male,Berlin,,Manager,11,Not Relevant,80000,0,0,75000,,,26,,English,10-50,Product,more than 1 year,HR
35,Male,Munich,Senior,Software Architect,11,AWS,105000,30000,0,77000,5000,0,28,20,English,1000+,Product,unlimited,IT
35,Male,Berlin,Senior,Fullstack Developer,16,Javascript / Typescript,95000,0,5000,80000,,,28,5,English,100-1000,Product,unlimited,Finance / Insurance
35,Male,Berlin,Senior,Software Architect,8,Java,85000,10000,20000,80000,10000,20000,28,5,English,1000+,Product,unlimited,Commerce
35,Male,Berlin,Senior,Backend Developer,10,Java,84000,0,1,84000,1,0,28,4,English,100-1000,Product,unlimited,Commerce
35,Male,Berlin,Senior,Tech Lead,16,AWS,107000,0,0,97000,,,30,5,English,100-1000,Product,unlimited,IT
35,Male,Hamburg,Middle,Manager,9,Python,105000,10000,1,100000,6000,1,37,3,Deutsch,1000+,Product,unlimited,Manufacture
35,Male,Frankfurt,Senior,Backend Developer,16,C/C++,110000,55000,0,103000,45000,,29,,English,100-1000,Product,,Finance / Insurance
35,Female,Berlin,Senior,Data Scientist,10,Python,140000,0,0,110000,,,30,12,English,100-1000,Startup,,
35,Male,Munich,Middle,Platform Engineer,5,Not Relevant,60000,0,3000,,,,27,4,English,100-1000,Product,unlimited,Tourism
35,Male,Berlin,Senior,Backend Developer,12,PHP,90000,0,0,,,,24,3,English,up to 10,Startup,unlimited,Commerce
35,Male,Berlin,Senior,Fullstack Developer,15,PHP,35000,0,0,,,,20,0,English,1000+,Product,unlimited,Commerce
35,Male,Amsterdam,Senior,Backend Developer,7,Python,72000,0,0,,,,25,9,English,50-100,Product,unlimited,IT
35,Female,Hamburg,Middle,Data Scientist,3,Python,49000,0,0,,,,30,,Deutsch,100-1000,Consulting / Agency,unlimited,
35,Male,Berlin,Middle,Manager,7,R,100000,5000,0,,,,,,English,100-1000,Product,unlimited,
35,Male,Munich,Senior,Software Architect,6,.NET,79000,6000,0,,,,30,3,Deutsch,100-1000,Consulting / Agency,unlimited,Manufacture
35,Male,Munich,Senior,Software Architect,15,AWS,120000,55000,0,,,,,,Russian,1000+,Product,unlimited,
35,Male,D√ºsseldorf,Middle,Backend Developer,6,.NET,55000,0,0,,,,30,20,English,10-50,Bodyshop / Outsource,unlimited,Software Development
35,Male,Amsterdam,Lead,DevOps,7,AWS,65000,0,0,,,,,,English,1000+,Bodyshop / Outsource,unlimited,
35,Male,Cologne,Senior,Backend Developer,4,Java,67000,0,0,,,,30,4,English,50-100,Startup,unlimited,
35,Male,Berlin,Senior,Frontend Developer,11,Javascript / Typescript,72000,0,0,,,,26,,English,50-100,Product,unlimited,Commerce
35,Male,Munich,Middle,Frontend Developer,2,Javascript / Typescript,60000,0,0,,,,30,,English,10-50,Consulting / Agency,unlimited,Commerce
35,Male,Frankfurt,Senior,Product Manager,13,Not Relevant,60000,0,0,,,,27,,Deutsch,10-50,Startup,unlimited,Commerce
35,Male,Frankfurt,Middle,QA,9,Not Relevant,60500,0,0,,,,30,,English,100-1000,Bodyshop / Outsource,unlimited,Manufacture
35,Male,Berlin,Senior,Backend Developer,17,PHP,60000,0,0,,,,24,0,Russian,100-1000,Product,unlimited,Transport
35,Male,Berlin,Senior,Data Engineer,15,Python,75000,0,0,,,,28,8,English,100-1000,Product,unlimited,Commerce
36,Male,Antwerpen,Middle,Manager,15,Not Relevant,36000,0,0,36000,,,20,4,English,100-1000,Bodyshop / Outsource,unlimited,
36,Female,Berlin,,Backend Developer,3,Java,45000,0,0,38000,,,30,3,English,10-50,Product,unlimited,Health
36,Male,Berlin,Middle,Data Scientist,4,Python,58000,0,0,53000,,,30,0.25,Deutsch,10-50,Consulting / Agency,unlimited,Agriculture
36,Male,Munich,Senior,Backend Developer,13,PHP,60000,5000,0,55000,6000,,28,4,English,50-100,Product,unlimited,Tourism
36,Male,Berlin,Senior,Backend Developer,10,Java,62000,0,0,55000,,,30,10,Deutsch,1000+,Product,unlimited,Finance / Insurance
36,Male,Berlin,Middle,Data Scientist,18,Python,56000,5000,0,58000,,0,22,2,English,100-1000,Product,more than 1 year,Gaming
36,Male,Berlin,Senior,Backend Developer,15,.NET,62000,0,0,58000,,,24,0,English,100-1000,Product,unlimited,Transport
36,Male,Berlin,Senior,Fullstack Developer,15,Javascript / Typescript,70000,0,0,58000,,,25,,English,100-1000,Product,unlimited,Finance / Insurance
36,Male,Munich,Middle,DevOps,4,AWS,60000,0,0,60000,0,0,33,,English,10-50,Product,more than 1 year,FinTech
36,Male,Berlin,Senior,Backend Developer,11,PHP,65000,6500,10000,60000,,,28,,English,1000+,Product,unlimited,Commerce
36,Male,Stuttgart,Senior,Mobile Developer,16,Javascript / Typescript,60000,4800,0,60000,,,30,2,English,100-1000,Product,unlimited,Commerce
36,Male,Berlin,Senior,Software Engineer,11,Python,67000,0,0,64000,,,28,10,Deutsch,100-1000,Consulting / Agency,unlimited,IT
36,Male,Munich,Senior,Backend Developer,14,PHP,70000,0,0,65000,,,30,,Deutsch,100-1000,Product,unlimited,Finance / Insurance
36,Male,Berlin,Senior,DevOps,15,AWS,75000,10000,0,68000,,,30,5,English,50-100,Startup,unlimited,Finance / Insurance
36,Male,Berlin,Senior,Backend Developer,14,Java,73000,0,0,68000,,,30,8,English,100-1000,Product,unlimited,Advertising
36,Male,Berlin,Senior,Software Architect,14,PHP,75000,0,0,69000,,,28,20,English,100-1000,Product,unlimited,Commerce
36,Male,Berlin,Senior,Manager,13,Java,80000,0,0,70000,,,30,0,English,1000+,Product,unlimited,Commerce
36,Male,Berlin,Senior,Frontend Developer,10,Javascript / Typescript,80000,0,0,70000,,,30,,English,100-1000,Product,unlimited,Real Estate
36,Male,Bielefeld,Senior,Fullstack Developer,16,PHP,72000,0,0,72000,,,24,4,English,10-50,Product,unlimited,Software Development
36,Male,Hamburg,Lead,Machine Learning Engineer,5,Python,85000,10000,0,75000,5000,,30,5,Deutsch,10-50,Consulting / Agency,unlimited,IT
36,Female,Munich,Senior,Backend Developer,13,Python,76000,8000,0,76000,8000,,30,,English,50-100,Startup,unlimited,
36,Male,Berlin,Senior,Backend Developer,10,Java,78000,0,0,78000,,,28,4,English,1000+,Product,unlimited,Commerce
36,Male,Munich,Senior,Tech Lead,10,Java,93000,0,0,79000,,,28,4,English,100-1000,Startup,unlimited,Data Processing
36,Male,Munich,Senior,Mobile Developer,20,Swift,150000,0,0,80000,,,60,15,Deutsch,up to 10,Bodyshop / Outsource,unlimited,Transport
36,Male,Berlin,Senior,Mobile Developer,14,Kotlin,83000,3000,0,83000,0,0,30,24,English,100-1000,Product,unlimited,Transport
36,Male,Berlin,Senior,Manager,15,Not Relevant,77000,0,0,83000,,,24,,English,100-1000,Product,1 year,Finance / Insurance
36,Male,Berlin,Senior,Manager,14,Python,95000,0,0,92000,,,30,20,English,10-50,,unlimited,Commerce
36,Male,Munich,Senior,DevOps,15,AWS,85000,0,1,,,,28,0,English,100-1000,Consulting / Agency,unlimited,IT
36,Male,Berlin,Lead,Manager,15,PHP,80000,8000,50000,,,,30,5,English,1000+,Product,unlimited,Commerce
36,Male,Berlin,Senior,Fullstack Developer,7,.NET,70000,0,0,,,,30,10,English,50-100,Startup,unlimited,Transport
36,Male,Berlin,Middle,DevOps,10,AWS,65000,0,0,,,,28,5,English,50-100,Product,unlimited,Commerce
36,Male,Kyiv,Middle,DevOps,3,AWS,38400,0,0,,30000,,24,4,Russian,1000+,Bodyshop / Outsource,unlimited,Commerce
36,Male,Munich,Middle,Backend Developer,10,PHP,75000,0,0,,,,30,0,English,50-100,Product,unlimited,
37,Male,Frankfurt,Junior,Embedded Developer,2,C/C++,45000,0,0,42000,0,0,28,1,English,100-1000,Product,unlimited,embedded
37,Male,Cologne,Middle,QA,4,Not Relevant,53000,0,0,53000,,,30,0,Deutsch,10-50,Consulting / Agency,unlimited,Software Development
37,Male,Berlin,Middle,Backend Developer,3,Ruby,54000,0,1,54000,1,0,28,2,English,50-100,Startup,unlimited,Commerce
37,Male,Berlin,Middle,QA,6,Java,65000,0,0,55000,,,24,,English,50-100,Product,6 months,Finance / Insurance
37,Male,Berlin,Senior,Localization,15,Not Relevant,60000,0,0,55000,,,25,,English,1000+,Product,unlimited,Gaming
37,Male,Stockholm,Senior,Database Developer (DBA),15,SQL,60000,0,0,57000,,,25,15,English,50-100,Product,unlimited,IT
37,Male,Eindhoven,Senior,Backend Developer,16,.NET,83400,4170,0,62000,,,25,,English,1000+,Product,1 year,Health
37,Male,Hamburg,Senior,Backend Developer,12,Java,72000,0,0,65000,,0,29,20,English,100-1000,Product,unlimited,Commerce
37,Male,Berlin,Senior,Frontend Developer,10,Javascript / Typescript,66000,2500,0,65000,1500,,29,2,English,100-1000,Product,unlimited,Commerce
37,Male,Berlin,Senior,Backend Developer,12,Not Relevant,70000,5000,0,65000,5000,,25,20,English,50-100,Product,unlimited,Commerce
37,Male,Munich,Senior,Fullstack Developer,11,PHP,67000,1500,0,66000,,,5,8,Deutsch,100-1000,Product,more than 1 year,Telecom
37,Male,Utrecht,Middle,Product manager,17,Java,71000,0,0,71000,0,0,25,0,English,100-1000,Product,unlimited,Finance / Insurance
37,Male,Berlin,Lead,Backend Developer,17,Python,75000,10000,0,73000,10000,,30,8,English,1000+,Product,unlimited,"Mapping, Navigation"
37,Male,Munich,Senior,Backend Developer,17,Java,76500,3000,0,75000,,,28,,English,100-1000,Product,unlimited,Scientific Activities
37,Male,Amsterdam,Senior,QA,14,AWS,75000,0,0,78000,,,25,,English,100-1000,Product,unlimited,Media
37,Male,Amsterdam,Senior,DevOps,15,Not Relevant,80000,0,0,80000,,,24,12,English,1000+,Product,unlimited,Tourism
37,Male,Berlin,Lead,Backend Developer,12,Java,89570,0,20240,82160,,18240,30,4,English,1000+,Product,unlimited,Fashion
37,Male,Munich,Middle,Business Analyst,15,Not Relevant,87000,5000,800,84000,5000,800,30,5,English,1000+,,unlimited,Manufacture
37,Male,Lugano,Middle,Fullstack Developer,3,.NET,84000,0,84000,84000,1000,,,,Italian,10-50,Product,unlimited,Manufacture
37,Male,Berlin,Senior,Software Architect,15,Java,95000,0,0,85000,,,30,5,English,100-1000,Product,unlimited,Advertising
37,Male,Stuttgart,Senior,Software Architect,11,Not Relevant,105000,0,0,98000,,,30,5,Deutsch,1000+,Product,unlimited,Automotive
37,Male,Dublin,Senior,Manager,15,Not Relevant,98000,15000,0,130000,150000,,26,20,English,1000+,Product,unlimited,Finance / Insurance
37,Male,Berlin,Senior,Data Scientist,15,Not Relevant,85000,0,0,,,,25,,English,10-50,Startup,unlimited,Health
37,Male,Munich,Senior,Backend Developer,14,C/C++,72000,3000,0,,,,27,2,English,100-1000,Product,unlimited,Finance / Insurance
37,Male,Munich,Senior,Backend Developer,14,C/C++,72000,3000,0,,,,27,2,English,100-1000,Product,unlimited,Finance / Insurance
37,Male,Almere,Senior,Tech Lead,10,C/C++,57600,4416,0,,,,25,,English,10-50,Product,unlimited,
37,Male,Amsterdam,,SAP Consultant,13,Not Relevant,107000,14300,0,,,,25,,English,100-1000,,unlimited,
37,Female,Berlin,Middle,Backend Developer,10,C/C++,57000,0,0,,,,26,0,English,100-1000,Product,unlimited,Commerce
37,Male,Berlin,Senior,Data Engineer,13,Python,68000,0,0,,,,27,,English,50-100,Product,unlimited,Software Development
37,Male,Berlin,Senior,Manager,15,Python,80000,0,0,,,,28,4,English,100-1000,Startup,unlimited,SAS
37,Male,Berlin,Senior,Data Engineer,16,Scala,65000,0,0,,,,28,4,English,1000+,Product,unlimited,Transport
38,Male,D√ºsseldorf,Middle,Data Scientist,3,Python,78000,7800,0,48000,,,30,4,English,1000+,Product,unlimited,Manufacture
38,Male,Dresden,Senior,Embedded Developer,8,C/C++,55000,3000,0,54000,,,,,Deutsch,100-1000,Product,unlimited,Manufacture
38,Male,Berlin,Senior,Software Architect,16,Javascript / Typescript,75000,0,0,54000,,,24,0,English,1000+,Product,unlimited,Commerce
38,Male,Berlin,Middle,DevOps,7,AWS,67000,0,0,66000,,,28,3,English,1000+,Startup,unlimited,Automotive
38,Male,Berlin,Senior,Backend Developer,7,Java,80000,0,0,70000,,,26,,English,100-1000,Startup,unlimited,Transport
38,Male,Berlin,Head,Manager,15,Not Relevant,81000,4000,0,75000,,,30,10,Deutsch,100-1000,Product,unlimited,Automotive
38,Male,Berlin,Senior,Mobile Developer,11,Kotlin,78000,9000,0,75000,,,28,,English,50-100,Startup,unlimited,Finance / Insurance
38,Male,Berlin,Senior,Frontend Developer,10,Javascript / Typescript,75000,0,0,75000,,,30,5,English,1000+,Product,unlimited,Manufacture
38,Male,Berlin,Senior,Backend Developer,16,Ruby,80000,0,0,75000,,,24,20,English,up to 10,Product,unlimited,Finance / Insurance
38,Male,Berlin,Senior,Backend Developer,13,Java,77400,7800,0,76800,8131,,30,4,Deutsch,100-1000,Product,unlimited,Finance / Insurance
38,Male,Frankfurt,Senior,Software Architect,15,Java,77000,9000,2000,77000,9000,2000,25,5,Deutsch,1000+,Product,unlimited,Tourism
38,Male,Cork,Senior,Software Architect,15,SQL,100000,25000,11000,78000,15000,10000,28,10,English,1000+,Product,unlimited,IT
38,Female,Stuttgart,Senior,Embedded Developer,14,C/C++,82000,5000,0,79000,5000,,32,4,Deutsch,100-1000,Product,unlimited,Manufacture
38,Male,Berlin,Senior,Backend Developer,18,Not Relevant,75000,0,0,80000,,,30,,English,100-1000,Product,unlimited,
38,Female,Berlin,Senior,Manager,10,Javascript / Typescript,85000,0,0,85000,,,26,10,English,10-50,Startup,unlimited,Finance / Insurance
38,Male,Berlin,Senior,Manager,9,Not Relevant,120000,0,50000,90000,10000,,25,7,English,1000+,Product,unlimited,Commerce
38,Male,Munich,Senior,Manager,12,Not Relevant,96000,0,0,96000,,,30,10,English,1000+,Consulting / Agency,unlimited,Finance / Insurance
38,Male,Munich,Senior,Software Architect,17,C/C++,120000,25000,30000,117000,20000,12000,28,0,English,1000+,Product,unlimited,Software Development
38,Male,Walldorf,Senior,Fullstack Developer,17,Javascript / Typescript,79000,8000,3000,,,,30,20,Deutsch,1000+,Product,unlimited,Software Development
38,Male,Munich,Lead,Fullstack Developer,17,Javascript / Typescript,114000,0,0,,,,24,20,English,100-1000,Product,unlimited,
38,Male,Hannover,Senior,Data Scientist,5,R,79000,23000,0,,,,30,4,Deutsch,100-1000,Consulting / Agency,unlimited,
38,Male,Berlin,Senior,Backend Developer,6,Java,66000,0,0,,,,25,1,English,1000+,Product,more than 1 year,Commerce
38,Female,Frankfurt,Junior,Frontend Developer,1,Javascript / Typescript,36000,0,0,,,,30,5,Deutsch,100-1000,Consulting / Agency,unlimited,
38,Male,Amsterdam,Senior,DevOps,5,Not Relevant,100000,0,0,,,,,,English,100-1000,Product,1 year,Finance / Insurance
38,Female,Berlin,Senior,Data Scientist,3,Python,62000,0,0,,,,27,,English,50-100,Startup,unlimited,Finance / Insurance
38,Male,Berlin,Middle,DevOps,15,Python,52000,0,0,,50000,,29,4,English,100-1000,Product,unlimited,Telecom
38,Male,Berlin,Senior,NLP Engineer,4,Python,65000,0,0,,,,26,20,English,100-1000,Startup,unlimited,Transport
39,Female,Hamburg,Middle,Backend Developer,2,Ruby,55000,0,0,43000,,,28,,Deutsch,100-1000,Product,unlimited,Finance / Insurance
39,Male,Munich,Senior,Desktop/Unity3D Developer,15,.NET,49375,7900,0,46250,7400,,30,5,Deutsch,10-50,Product,unlimited,Construction
39,Female,Munich,Middle,Backend Developer,17,Java,58000,2000,0,55000,2000,0,30,9,Deutsch,1000+,Product,unlimited,Finance / Insurance
39,Male,Berlin,Senior,Data Engineer,3,SQL,63000,0,0,56000,,0,26,0,English,100-1000,Startup,unlimited,IT
39,Male,Munich,Senior,Fullstack Developer,15,PHP,75700,4000,0,60000,,0,30,8,English,100-1000,Product,unlimited,Commerce
39,Male,Berlin,Senior,Backend Developer,16,Java,82000,0,0,63600,,,26,4,English,100-1000,Startup,unlimited,Transport
39,Male,Amsterdam,Senior,Mobile Developer,16,Swift,65000,0,0,64800,,,24,2,English,50-100,Product,unlimited,Finance / Insurance
39,Male,Amsterdam,Senior,Mobile Developer,15,Swift,65000,0,0,64800,,,24,2,English,50-100,Product,unlimited,Finance / Insurance
39,Male,Berlin,Senior,Data Engineer,10,Python,75000,7500,0,68000,6800,,30,4,English,1000+,Product,unlimited,Transport
39,Male,Berlin,Senior,Solution Architect,10,Not Relevant,82000,10000,0,81000,8000,0,30,5,English,1000+,Product,unlimited,Scientific Activities
39,Male,Dubai,Senior,Researcher,18,Python,120000,0,0.1,120000,,,20,8,English,1000+,Startup,more than 1 year,Commerce
39,Male,Berlin,Middle,Backend Developer,9,Java,64800,5000,0,,,,25,0,English,100-1000,Consulting / Agency,unlimited,Commerce
39,Male,Munich,Senior,Data Scientist,13,Python,135000,60000,0,,,,30,2,English,100-1000,Product,unlimited,Transport
39,Male,Berlin,Senior,Data Scientist,5,Not Relevant,85000,0,0,,,,,,Deutsch,,,6 months,Manufacture
40,Male,Munich,Junior,QA,3,Java,52000,0,1,1,1,1,30,,Deutsch,100-1000,Consulting / Agency,1 year,IT
40,Female,Berlin,Senior,Backend Developer,10,C/C++,68000,0,0,63000,,,25,4,English,10-50,Startup,unlimited,Health
40,Male,Berlin,Senior,Manager,15,Not Relevant,70000,0,0,65000,,,30,,English,100-1000,Product,unlimited,Finance / Insurance
40,Male,Amsterdam,Middle,System Administrator,20,Not Relevant,78000,12000,15000,68000,25000,25000,28,0,English,1000+,Product,unlimited,
40,Female,Berlin,Senior,Backend Developer,18,Java,80000,4000,6000,70000,4000,0,27,4,English,1000+,Product,unlimited,Commerce
40,Male,Munich,Middle,Product Manager,15,Not Relevant,73000,2000,0,70000,,,30,,English,1000+,Product,unlimited,Tourism
40,Male,Berlin,Senior,Backend Developer,18,Python,88000,8000,5000,85000,,,28,,English,1000+,Product,unlimited,Commerce
40,Male,Frankfurt,Senior,Software Architect,20,Java,95000,15000,0,85000,2000,,30,10,English,1000+,Bodyshop / Outsource,unlimited,Finance / Insurance
40,Male,Berlin,Senior,Software Architect,18,Not Relevant,94000,0,7500,86900,,,30,,English,1000+,Product,unlimited,Commerce
40,Female,Munich,Senior,SAP Consultant,9,Not Relevant,89000,0,0,87000,,,30,6,English,1000+,Product,unlimited,Manufacture
40,Male,Frankfurt,Senior,Manager,18,Not Relevant,88000,0,0,88000,7000,4000,30,15,English,1000+,Bodyshop / Outsource,unlimited,IT
40,Male,Munich,Senior,Software Architect,22,Java,95000,0,0,89000,,,30,6,Deutsch,100-1000,Product,unlimited,Telecom
40,Male,Munich,Senior,Manager,16,Not Relevant,120000,0,0,92000,,,30,5,English,100-1000,Product,unlimited,Automotive
40,Male,Munich,Senior,Fullstack Developer,15,Java,160000,0,0,130000,,,20,14,Deutsch,up to 10,Consulting / Agency,1 year,Manufacture
40,Male,Frankfurt,Senior,SAP Consultant,14,Not Relevant,175000,0,0,160000,,,15,4,English,1000+,Product,6 months,Health
40,Male,Nuremberg,Junior,Backend Developer,1,PHP,48000,0,0,,,,30,,English,50-100,Startup,unlimited,IoT
40,Male,Munich,Senior,Mobile Developer,12,Swift,113000,4700,0,,,,30,0,English,10-50,Product,unlimited,Manufacture
40,Male,Berlin,Middle,Backend Developer,6,Java,55000,5000,0,,,,27,,English,1000+,Product,unlimited,
40,Female,Munich,Middle,Backend Developer,15,C/C++,68000,0,0,,,,28,,English,100-1000,Product,unlimited,Commerce
40,Female,Munich,Middle,Backend Developer,15,C/C++,68000,0,0,,,,,,English,100-1000,Product,unlimited,Commerce
41,Male,Munich,Junior,Backend Developer,0,Java,55000,5000,0,32000,8000,,30,2,English,1000+,Product,unlimited,Telecom
41,Female,Munich,Middle,QA,9,Java,46000,1,0,39000,1,,28,8,Deutsch,50-100,Product,unlimited,Manufacture
41,Male,Kiev,Senior,Backend Developer,19,.NET,45000,0,0,39000,,,24,2,Russian,50-100,Product,unlimited,CRM systems integration
41,Male,Berlin,Senior,Data Engineer,25,Python,72000,0,0,72000,,0,26,20,English,50-100,Startup,unlimited,Finance / Insurance
41,Male,Munich,Senior,Backend Developer,20,Java,78000,0,0,75000,,,30,4,English,100-1000,Product,unlimited,Software Development
41,Male,Munich,Senior,Backend Developer,20,Java,75000,3300,0,75000,3000,,28,,English,1000+,Product,unlimited,Finance / Insurance
41,Male,Munich,Senior,Machine Learning Engineer,12,C/C++,82000,20000,1,78000,19000,1,30,10,English,1000+,Product,unlimited,Telecom
41,Female,Munich,Senior,Manager,18,Not Relevant,109000,1200,350,90000,1,350,30,5,Deutsch,1000+,Product,unlimited,Finance / Insurance
41,Male,Heidelberg,Senior,Data Scientist,10,Python,133000,0,0,127000,,,28,15,English,50-100,Startup,unlimited,Transport
41,Male,Munich,Senior,Backend Developer,19,.NET,73200,8052,0,,,,30,,English,1000+,Product,unlimited,Scientific Activities
41,Male,Amsterdam,Senior,Backend Developer,17,Java,75000,0,0,,,,25,,English,100-1000,Startup,unlimited,Finance / Insurance
42,Female,Berlin,Senior,Backend Developer,12,PHP,55000,0,0,55000,,,26,0,English,50-100,Product,unlimited,Commerce
42,Male,Munich,Senior,Fullstack Developer,20,.NET,63000,1000,0,60000,3000,,30,0,Deutsch,up to 10,Product,unlimited,Commerce
42,Male,Munich,Senior,Manager,9,Not Relevant,68000,10000,0,67000,9000,,30,5,English,1000+,Product,unlimited,Commerce
42,Female,Munich,Senior,Business Analyst,15,Not Relevant,71000,5000,0,69000,1500,,31,20,Deutsch,1000+,Bodyshop / Outsource,unlimited,Software Development
42,Male,Frankfurt,Senior,Manager,18,Not Relevant,83000,5500,0,75000,5000,,30,4,Deutsch,1000+,Consulting / Agency,unlimited,Finance / Insurance
42,Male,Berlin,Senior,"CTO (CEO, CFO)",20,Not Relevant,120000,0,10000,76000,1,0,24,0,English,100-1000,Startup,unlimited,
42,Male,Berlin,Senior,Software Architect,20,C/C++,95000,10,0,90000,,,30,,English,1000+,Product,unlimited,Transport
42,Male,Munich,Senior,Software Architect,20,Not Relevant,106000,9000,0,102000,8500,,30,4,Deutsch,100-1000,Product,unlimited,Transport
42,Male,Tallinn,Senior,Backend Developer,19,Java,58000,0,35000,,,,25,,English,100-1000,Product,unlimited,Commerce
42,Female,Munich,Middle,Product Manager,10,Not Relevant,68700,4000,0,,,,30,10,English,50-100,Product,unlimited,Finance / Insurance
42,Male,Munich,Middle,DevOps,7,AWS,63000,5000,0,,,,30,6,English,100-1000,Product,unlimited,Tourism
42,Male,Berlin,Senior,DevOps,18,AWS,72000,0,0,,,,25,8,English,50-100,Product,unlimited,Commerce
42,Male,Munich,Middle,Fullstack Developer,16,Java,64000,0,0,,,,31,4,Deutsch,50-100,Consulting / Agency,unlimited,Logistics
43,Male,Kaiserslautern,Middle,Data Scientist,3,Python,62500,5000,1,56100,7000,1,30,0,English,1000+,University,more than 1 year,Education
43,Male,Berlin,Senior,Data Engineer,10,SQL,60000,0,0,60000,,,,20,Russian,up to 10,Startup,unlimited,Commerce
43,Male,Berlin,Middle,Backend Developer,20,Ruby,70000,7000,15000,67000,,0,24,8,English,1000+,Product,unlimited,Commerce
43,Male,Hamburg,Senior,Software Architect,15,Java,54000,0,0,74000,,,28,2,English,up to 10,Startup,unlimited,Transport
43,Male,Schleswig-Holstein,Senior,Backend Developer,25,.NET,93000,11000,0,92000,11000,,30,0,Deutsch,100-1000,Product,unlimited,Transport
43,Male,Hamburg,Middle,support,20,Not Relevant,60000,6000,0,,,,28,2,English,100-1000,Startup,unlimited,Software development
43,Male,Berlin,Senior,QA,8,Not Relevant,80000,0,0,,,,,,English,10-50,Startup,unlimited,Education
44,Male,Munich,Middle,Frontend Developer,5,Javascript / Typescript,60000,2000,0,52000,2000,,27,0,Deutsch,100-1000,Product,unlimited,Finance / Insurance
44,Male,Berlin,Senior,Backend Developer,20,.NET,60000,5000,0,60000,,,30,5,Deutsch,50-100,Consulting / Agency,unlimited,
44,Male,Berlin,Senior,Data Engineer,25,Python,70000,12000,0,70000,12000,,30,6,English,100-1000,Product,unlimited,Transport
44,Male,Munich,Senior,Manager,22,Not Relevant,107000,37000,0,146000,35,,30,,Deutsch,1000+,Product,unlimited,Commerce
44,Male,Berlin,Senior,Frontend Developer,5,Javascript / Typescript,65000,0,0,,,,24,,English,10-50,Product,unlimited,Commerce
44,Male,Hamburg,Senior,"CTO (CEO, CFO)",15,PHP,100000,0,0,,,,28,5,Deutsch,100-1000,Product,unlimited,Scientific Activities
45,Female,Munich,Junior,Frontend Developer,2,Java,36000,0,1,32000,1,1,27,0,Deutsch,10-50,Consulting / Agency,unlimited,Justice
45,Female,Berlin,Senior,QA,15,Java,65000,6500,0,47000,1,0,30,7,English,100-1000,Startup,unlimited,Finance / Insurance
45,Female,Frankfurt,Middle,Database Developer (DBA),2,SQL,62000,2000,0,59000,,,30,4,Deutsch,50-100,Product,more than 1 year,Finance / Insurance
45,Male,Munich,Senior,QA,12,Java,70000,9000,0,66000,10500,,30,7,Deutsch,100-1000,Product,unlimited,Commerce
45,Male,Munich,Senior,Backend Developer,19,PHP,73000,0,0,67000,1000,,30,,Deutsch,100-1000,Product,unlimited,Health
45,Male,Berlin,Senior,Fullstack Developer,25,.NET,70000,0,0,70000,,,25,,Deutsch,50-100,Product,unlimited,Commerce
45,Male,Munich,Senior,Data Engineer,18,Not Relevant,86700,4000,0,86700,2200,,30,6,English,1000+,Product,unlimited,Finance / Insurance
45,Female,Munich,Senior,Backend Developer,20,C/C++,200000,20000,0.1,200000,20000,0.1,26,20,Deutsch,100-1000,Product,unlimited,Telecom
45,Male,Munich,Senior,Scrum Master,4,Not Relevant,70000,10000,0,,,,28,2,English,100-1000,Product,unlimited,Transport
45,Male,Berlin,Middle,Data Engineer,14,Java,34446,0,0,,,,,,English,50-100,Product,unlimited,Construction
46,Male,Hamburg,Senior,Fullstack Developer,11,Java,60000,0,0,53000,,,30,,Deutsch,10-50,Product,more than 1 year,Scientific Activities
47,Male,Berlin,Senior,Embedded Developer,20,C/C++,65000,0,0,65000,,,30,4,English,1000+,Bodyshop / Outsource,unlimited,Manufacture
47,Male,Munich,Senior,Backend Developer,25,.NET,87600,0,0,,,,,,Deutsch,up to 10,Product,unlimited,
48,Male,Berlin,Senior,Backend Developer,15,Java,65000,0,0,64000,,,29,8,Deutsch,100-1000,Bodyshop / Outsource,unlimited,IT
48,Female,Munich,Senior,Manager,11,Not Relevant,75000,0,0,,,,27,5,English,100-1000,Product,unlimited,Tourism
49,Male,Milan,Senior,Manager,24,Not Relevant,115000,25000,1,95000,20000,1,20,0,Italian,100-1000,Product,1 year,IT
49,Male,Munich,Senior,DevOps,25,Not Relevant,125000,0,0,,,,30,,Deutsch,1000+,Product,3 months,
50,Male,Frankfurt,Senior,Manager,28,Not Relevant,110000,0,0,,,,,,English,1000+,Consulting / Agency,more than 1 year,Finance / Insurance
50,Male,Frankfurt,Senior,Manager,28,Not Relevant,110000,0,0,,,,,,English,1000+,Consulting / Agency,more than 1 year,Finance / Insurance
54,Male,Ingolstadt,Senior,Data Scientist,8,R,78000,0,0,,,,30,4,Deutsch,1000+,Product,more than 1 year,Transport